date,name,point
0,2018-07-01,당갈,9.6
1,2018-07-01,아일라,9.55
2,2018-07-01,허스토리,9.55
3,2018-07-01,마지막 황제,9.23
4,2018-07-01,킹 오브 프리즘 프라이드 더 히어로,9.22
5,2018-07-01,사랑과 영혼,9.17
6,2018-07-01,댄서,9.11
7,2018-07-01,아바타,9.07
8,2018-07-01,개들의 섬,9.03
9,2018-07-01,아이 필 프리티,9.02
10,2018-07-01,바그다드 카페 : 디렉터스컷,9.01
11,2018-07-01,피터 래빗,8.97
12,2018-07-01,어벤져스: 인피니티 워,8.97
13,2018-07-01,미드나잇 선,8.95
14,2018-07-01,소공녀,8.86
15,2018-07-01,"스탠바이, 웬디",8.84
16,2018-07-01,아무도 모른다,8.83
17,2018-07-01,그렇게 아버지가 된다,8.83
18,2018-07-01,데드풀 2,8.77
19,2018-07-01,"부르고뉴, 와인에서 찾은 인생",8.74
20,2018-07-01,바닷마을 다이어리,8.74
21,2018-07-01,탐정: 리턴즈,8.67
22,2018-07-01,걸어도 걸어도,8.66
23,2018-07-01,진짜로 일어날지도 몰라 기적,8.64
24,2018-07-01,태풍이 지나가고,8.61
25,2018-07-01,시카리오: 데이 오브 솔다도,8.58
26,2018-07-01,"색, 계",8.52
27,2018-07-01,팬텀 스레드,8.44
28,2018-07-01,최강전사 미니특공대 : 영웅의 탄생,8.41
29,2018-07-01,셰이프 오브 워터: 사랑의 모양,8.39
30,2018-07-01,쥬라기 월드: 폴른 킹덤,8.2
31,2018-07-01,마녀,8.19
32,2018-07-01,나의 산티아고,8.13
33,2018-07-01,진주 귀걸이를 한 소녀,8.12
34,2018-07-01,환상의 빛,8.01
35,2018-07-01,극장판 포켓몬스터DP - 디아루가 VS 펄기아 VS 다크라이,7.99
36,2018-07-01,파리로 가는 길,7.91
37,2018-07-01,오션스8,7.9
38,2018-07-01,세 번째 살인,7.79
39,2018-07-01,독전,7.75
40,2018-07-01,최강전사 미니특공대 : 새로운 악당의 습격,7.56
41,2018-07-01,콜 미 바이 유어 네임,7.51
42,2018-07-01,트루스 오어 데어,7.42
43,2018-07-01,유전,7.25
44,2018-07-01,여중생A,7.07
45,2018-07-01,버닝,6.67
46,2018-07-01,게이트,3.75
47,2018-07-02,허스토리,9.52
48,2018-07-02,아일라,9.5
49,2018-07-02,마지막 황제,9.23
50,2018-07-02,킹 오브 프리즘 프라이드 더 히어로,9.22
51,2018-07-02,사랑과 영혼,9.17
52,2018-07-02,댄서,9.11
53,2018-07-02,개들의 섬,9.04
54,2018-07-02,바그다드 카페 : 디렉터스컷,9.01
55,2018-07-02,아이 필 프리티,9.01
56,2018-07-02,피터 래빗,8.97
57,2018-07-02,어벤져스: 인피니티 워,8.96
58,2018-07-02,미드나잇 선,8.94
59,2018-07-02,소공녀,8.86
60,2018-07-02,"스탠바이, 웬디",8.84
61,2018-07-02,아무도 모른다,8.83
62,2018-07-02,그렇게 아버지가 된다,8.83
63,2018-07-02,데드풀 2,8.77
64,2018-07-02,바닷마을 다이어리,8.74
65,2018-07-02,걸어도 걸어도,8.66
66,2018-07-02,탐정: 리턴즈,8.65
67,2018-07-02,진짜로 일어날지도 몰라 기적,8.64
68,2018-07-02,태풍이 지나가고,8.61
69,2018-07-02,시카리오: 데이 오브 솔다도,8.54
70,2018-07-02,"색, 계",8.52
71,2018-07-02,팬텀 스레드,8.41
72,2018-07-02,최강전사 미니특공대 : 영웅의 탄생,8.41
73,2018-07-02,셰이프 오브 워터: 사랑의 모양,8.39
74,2018-07-02,쥬라기 월드: 폴른 킹덤,8.2
75,2018-07-02,마녀,8.15
76,2018-07-02,나의 산티아고,8.13
77,2018-07-02,진주 귀걸이를 한 소녀,8.12
78,2018-07-02,환상의 빛,8.01
79,2018-07-02,극장판 포켓몬스터DP - 디아루가 VS 펄기아 VS 다크라이,8.0
80,2018-07-02,파리로 가는 길,7.91
81,2018-07-02,오션스8,7.89
82,2018-07-02,세 번째 살인,7.79
83,2018-07-02,독전,7.74
84,2018-07-02,최강전사 미니특공대 : 새로운 악당의 습격,7.56
85,2018-07-02,콜 미 바이 유어 네임,7.51
86,2018-07-02,트루스 오어 데어,7.41
87,2018-07-02,유전,7.26
88,2018-07-02,여중생A,7.04
89,2018-07-02,버닝,6.67
90,2018-07-02,레이디버그,6.0
91,2018-07-02,게이트,3.75
92,2018-07-03,당갈,9.6
93,2018-07-03,허스토리,9.52
94,2018-07-03,아일라,9.51
95,2018-07-03,마지막 황제,9.23
96,2018-07-03,킹 오브 프리즘 프라이드 더 히어로,9.22
97,2018-07-03,사랑과 영혼,9.17
98,2018-07-03,개들의 섬,9.01
99,2018-07-03,바그다드 카페 : 디렉터스컷,9.01
100,2018-07-03,아이 필 프리티,9.01
101,2018-07-03,피터 래빗,8.97
102,2018-07-03,어벤져스: 인피니티 워,8.96
103,2018-07-03,미드나잇 선,8.93
104,2018-07-03,소공녀,8.86
105,2018-07-03,"스탠바이, 웬디",8.84
106,2018-07-03,아무도 모른다,8.83
107,2018-07-03,그렇게 아버지가 된다,8.83
108,2018-07-03,데드풀 2,8.76
109,2018-07-03,"부르고뉴, 와인에서 찾은 인생",8.75
110,2018-07-03,바닷마을 다이어리,8.74
111,2018-07-03,걸어도 걸어도,8.66
112,2018-07-03,탐정: 리턴즈,8.64
113,2018-07-03,진짜로 일어날지도 몰라 기적,8.64
114,2018-07-03,태풍이 지나가고,8.61
115,2018-07-03,앤트맨,8.6
116,2018-07-03,시카리오: 데이 오브 솔다도,8.54
117,2018-07-03,"색, 계",8.52
118,2018-07-03,팬텀 스레드,8.42
119,2018-07-03,최강전사 미니특공대 : 영웅의 탄생,8.41
120,2018-07-03,셰이프 오브 워터: 사랑의 모양,8.39
121,2018-07-03,쥬라기 월드: 폴른 킹덤,8.19
122,2018-07-03,나의 산티아고,8.13
123,2018-07-03,마녀,8.12
124,2018-07-03,진주 귀걸이를 한 소녀,8.12
125,2018-07-03,환상의 빛,8.01
126,2018-07-03,극장판 포켓몬스터DP - 디아루가 VS 펄기아 VS 다크라이,7.99
127,2018-07-03,파리로 가는 길,7.91
128,2018-07-03,오션스8,7.87
129,2018-07-03,세 번째 살인,7.79
130,2018-07-03,독전,7.74
131,2018-07-03,최강전사 미니특공대 : 새로운 악당의 습격,7.56
132,2018-07-03,콜 미 바이 유어 네임,7.5
133,2018-07-03,트루스 오어 데어,7.42
134,2018-07-03,유전,7.26
135,2018-07-03,여중생A,6.99
136,2018-07-03,버닝,6.67
137,2018-07-03,레이디버그,6.0
138,2018-07-03,게이트,3.75
139,2018-07-04,아일라,9.55
140,2018-07-04,허스토리,9.49
141,2018-07-04,마지막 황제,9.23
142,2018-07-04,사랑과 영혼,9.17
143,2018-07-04,바그다드 카페 : 디렉터스컷,9.01
144,2018-07-04,아이 필 프리티,9.01
145,2018-07-04,개들의 섬,8.98
146,2018-07-04,피터 래빗,8.97
147,2018-07-04,어벤져스: 인피니티 워,8.96
148,2018-07-04,미드나잇 선,8.9
149,2018-07-04,소공녀,8.86
150,2018-07-04,"스탠바이, 웬디",8.85
151,2018-07-04,아무도 모른다,8.83
152,2018-07-04,그렇게 아버지가 된다,8.83
153,2018-07-04,데드풀 2,8.76
154,2018-07-04,"부르고뉴, 와인에서 찾은 인생",8.75
155,2018-07-04,바닷마을 다이어리,8.74
156,2018-07-04,앤트맨과 와스프,8.73
157,2018-07-04,걸어도 걸어도,8.66
158,2018-07-04,진짜로 일어날지도 몰라 기적,8.64
159,2018-07-04,탐정: 리턴즈,8.63
160,2018-07-04,태풍이 지나가고,8.61
161,2018-07-04,시카리오: 데이 오브 솔다도,8.55
162,2018-07-04,"색, 계",8.52
163,2018-07-04,팬텀 스레드,8.41
164,2018-07-04,최강전사 미니특공대 : 영웅의 탄생,8.41
165,2018-07-04,셰이프 오브 워터: 사랑의 모양,8.39
166,2018-07-04,쥬라기 월드: 폴른 킹덤,8.19
167,2018-07-04,나의 산티아고,8.13
168,2018-07-04,진주 귀걸이를 한 소녀,8.12
169,2018-07-04,마녀,8.1
170,2018-07-04,환상의 빛,8.01
171,2018-07-04,극장판 포켓몬스터DP - 디아루가 VS 펄기아 VS 다크라이,7.99
172,2018-07-04,파리로 가는 길,7.91
173,2018-07-04,오션스8,7.87
174,2018-07-04,세 번째 살인,7.79
175,2018-07-04,독전,7.73
176,2018-07-04,최강전사 미니특공대 : 새로운 악당의 습격,7.56
177,2018-07-04,콜 미 바이 유어 네임,7.51
178,2018-07-04,트루스 오어 데어,7.41
179,2018-07-04,유전,7.26
180,2018-07-04,여중생A,7.0
181,2018-07-04,버닝,6.67
182,2018-07-04,레이디버그,6.0
183,2018-07-05,아일라,9.55
184,2018-07-05,허스토리,9.49
185,2018-07-05,마지막 황제,9.23
186,2018-07-05,사랑과 영혼,9.17
187,2018-07-05,바그다드 카페 : 디렉터스컷,9.01
188,2018-07-05,아이 필 프리티,9.01
189,2018-07-05,개들의 섬,8.97
190,2018-07-05,피터 래빗,8.97
191,2018-07-05,어벤져스: 인피니티 워,8.96
192,2018-07-05,미드나잇 선,8.9
193,2018-07-05,소공녀,8.87
194,2018-07-05,"스탠바이, 웬디",8.85
195,2018-07-05,아무도 모른다,8.83
196,2018-07-05,그렇게 아버지가 된다,8.83
197,2018-07-05,앤트맨과 와스프,8.78
198,2018-07-05,데드풀 2,8.76
199,2018-07-05,"부르고뉴, 와인에서 찾은 인생",8.75
200,2018-07-05,바닷마을 다이어리,8.74
201,2018-07-05,걸어도 걸어도,8.66
202,2018-07-05,진짜로 일어날지도 몰라 기적,8.64
203,2018-07-05,탐정: 리턴즈,8.62
204,2018-07-05,태풍이 지나가고,8.61
205,2018-07-05,시카리오: 데이 오브 솔다도,8.57
206,2018-07-05,"색, 계",8.52
207,2018-07-05,팬텀 스레드,8.41
208,2018-07-05,최강전사 미니특공대 : 영웅의 탄생,8.41
209,2018-07-05,셰이프 오브 워터: 사랑의 모양,8.39
210,2018-07-05,쥬라기 월드: 폴른 킹덤,8.18
211,2018-07-05,나의 산티아고,8.13
212,2018-07-05,진주 귀걸이를 한 소녀,8.12
213,2018-07-05,변산,8.11
214,2018-07-05,마녀,8.1
215,2018-07-05,환상의 빛,8.01
216,2018-07-05,극장판 포켓몬스터DP - 디아루가 VS 펄기아 VS 다크라이,7.99
217,2018-07-05,파리로 가는 길,7.91
218,2018-07-05,오션스8,7.87
219,2018-07-05,세 번째 살인,7.79
220,2018-07-05,독전,7.73
221,2018-07-05,최강전사 미니특공대 : 새로운 악당의 습격,7.56
222,2018-07-05,콜 미 바이 유어 네임,7.51
223,2018-07-05,트루스 오어 데어,7.4
224,2018-07-05,유전,7.27
225,2018-07-05,여중생A,7.0
226,2018-07-05,버닝,6.67
227,2018-07-05,레이디버그,6.0
228,2018-07-06,아일라,9.56
229,2018-07-06,허스토리,9.5
230,2018-07-06,마지막 황제,9.23
231,2018-07-06,킹 오브 프리즘 프라이드 더 히어로,9.21
232,2018-07-06,사랑과 영혼,9.17
233,2018-07-06,바그다드 카페 : 디렉터스컷,9.01
234,2018-07-06,아이 필 프리티,9.01
235,2018-07-06,어벤져스: 인피니티 워,8.96
236,2018-07-06,개들의 섬,8.96
237,2018-07-06,피터 래빗,8.96
238,2018-07-06,미드나잇 선,8.9
239,2018-07-06,소공녀,8.86
240,2018-07-06,"스탠바이, 웬디",8.85
241,2018-07-06,그렇게 아버지가 된다,8.83
242,2018-07-06,아무도 모른다,8.83
243,2018-07-06,앤트맨과 와스프,8.78
244,2018-07-06,데드풀 2,8.76
245,2018-07-06,"부르고뉴, 와인에서 찾은 인생",8.75
246,2018-07-06,바닷마을 다이어리,8.74
247,2018-07-06,걸어도 걸어도,8.66
248,2018-07-06,진짜로 일어날지도 몰라 기적,8.64
249,2018-07-06,탐정: 리턴즈,8.62
250,2018-07-06,태풍이 지나가고,8.61
251,2018-07-06,시카리오: 데이 오브 솔다도,8.57
252,2018-07-06,"색, 계",8.52
253,2018-07-06,팬텀 스레드,8.42
254,2018-07-06,최강전사 미니특공대 : 영웅의 탄생,8.41
255,2018-07-06,셰이프 오브 워터: 사랑의 모양,8.39
256,2018-07-06,시카리오: 암살자의 도시,8.26
257,2018-07-06,쥬라기 월드: 폴른 킹덤,8.18
258,2018-07-06,제로 다크 서티,8.16
259,2018-07-06,나의 산티아고,8.13
260,2018-07-06,진주 귀걸이를 한 소녀,8.12
261,2018-07-06,마녀,8.11
262,2018-07-06,변산,8.09
263,2018-07-06,환상의 빛,8.01
264,2018-07-06,극장판 포켓몬스터DP - 디아루가 VS 펄기아 VS 다크라이,7.99
265,2018-07-06,파리로 가는 길,7.91
266,2018-07-06,오션스8,7.87
267,2018-07-06,세 번째 살인,7.79
268,2018-07-06,독전,7.72
269,2018-07-06,최강전사 미니특공대 : 새로운 악당의 습격,7.56
270,2018-07-06,콜 미 바이 유어 네임,7.51
271,2018-07-06,트루스 오어 데어,7.41
272,2018-07-06,유전,7.27
273,2018-07-06,여중생A,6.97
274,2018-07-06,버닝,6.67
275,2018-07-06,레이디버그,6.0
276,2018-07-06,게이트,3.75
277,2018-07-07,아일라,9.57
278,2018-07-07,허스토리,9.5
279,2018-07-07,마지막 황제,9.23
280,2018-07-07,킹 오브 프리즘 프라이드 더 히어로,9.21
281,2018-07-07,사랑과 영혼,9.17
282,2018-07-07,바그다드 카페 : 디렉터스컷,9.01
283,2018-07-07,아이 필 프리티,8.97
284,2018-07-07,어벤져스: 인피니티 워,8.96
285,2018-07-07,피터 래빗,8.96
286,2018-07-07,개들의 섬,8.95
287,2018-07-07,미드나잇 선,8.91
288,2018-07-07,소공녀,8.86
289,2018-07-07,그렇게 아버지가 된다,8.83
290,2018-07-07,아무도 모른다,8.83
291,2018-07-07,"스탠바이, 웬디",8.83
292,2018-07-07,앤트맨과 와스프,8.79
293,2018-07-07,데드풀 2,8.76
294,2018-07-07,"부르고뉴, 와인에서 찾은 인생",8.74
295,2018-07-07,바닷마을 다이어리,8.74
296,2018-07-07,걸어도 걸어도,8.65
297,2018-07-07,진짜로 일어날지도 몰라 기적,8.64
298,2018-07-07,탐정: 리턴즈,8.62
299,2018-07-07,태풍이 지나가고,8.61
300,2018-07-07,시카리오: 데이 오브 솔다도,8.58
301,2018-07-07,"색, 계",8.52
302,2018-07-07,팬텀 스레드,8.42
303,2018-07-07,최강전사 미니특공대 : 영웅의 탄생,8.41
304,2018-07-07,셰이프 오브 워터: 사랑의 모양,8.39
305,2018-07-07,시카리오: 암살자의 도시,8.26
306,2018-07-07,쥬라기 월드: 폴른 킹덤,8.18
307,2018-07-07,변산,8.18
308,2018-07-07,제로 다크 서티,8.16
309,2018-07-07,마녀,8.13
310,2018-07-07,나의 산티아고,8.13
311,2018-07-07,진주 귀걸이를 한 소녀,8.12
312,2018-07-07,환상의 빛,8.01
313,2018-07-07,극장판 포켓몬스터DP - 디아루가 VS 펄기아 VS 다크라이,7.99
314,2018-07-07,파리로 가는 길,7.91
315,2018-07-07,오션스8,7.87
316,2018-07-07,세 번째 살인,7.78
317,2018-07-07,독전,7.72
318,2018-07-07,최강전사 미니특공대 : 새로운 악당의 습격,7.56
319,2018-07-07,콜 미 바이 유어 네임,7.51
320,2018-07-07,트루스 오어 데어,7.4
321,2018-07-07,유전,7.27
322,2018-07-07,여중생A,6.93
323,2018-07-07,버닝,6.67
324,2018-07-07,레이디버그,6.0
325,2018-07-07,게이트,3.75
326,2018-07-08,아일라,9.58
327,2018-07-08,허스토리,9.5
328,2018-07-08,마지막 황제,9.23
329,2018-07-08,킹 오브 프리즘 프라이드 더 히어로,9.21
330,2018-07-08,사랑과 영혼,9.17
331,2018-07-08,바그다드 카페 : 디렉터스컷,9.01
332,2018-07-08,어벤져스: 인피니티 워,8.96
333,2018-07-08,아이 필 프리티,8.96
334,2018-07-08,피터 래빗,8.95
335,2018-07-08,미드나잇 선,8.92
336,2018-07-08,개들의 섬,8.91
337,2018-07-08,소공녀,8.87
338,2018-07-08,그렇게 아버지가 된다,8.83
339,2018-07-08,아무도 모른다,8.83
340,2018-07-08,"스탠바이, 웬디",8.83
341,2018-07-08,앤트맨과 와스프,8.79
342,2018-07-08,데드풀 2,8.76
343,2018-07-08,바닷마을 다이어리,8.74
344,2018-07-08,"부르고뉴, 와인에서 찾은 인생",8.74
345,2018-07-08,걸어도 걸어도,8.65
346,2018-07-08,진짜로 일어날지도 몰라 기적,8.64
347,2018-07-08,탐정: 리턴즈,8.62
348,2018-07-08,태풍이 지나가고,8.61
349,2018-07-08,시카리오: 데이 오브 솔다도,8.57
350,2018-07-08,"색, 계",8.52
351,2018-07-08,팬텀 스레드,8.42
352,2018-07-08,최강전사 미니특공대 : 영웅의 탄생,8.41
353,2018-07-08,셰이프 오브 워터: 사랑의 모양,8.39
354,2018-07-08,시카리오: 암살자의 도시,8.26
355,2018-07-08,쥬라기 월드: 폴른 킹덤,8.18
356,2018-07-08,변산,8.18
357,2018-07-08,제로 다크 서티,8.16
358,2018-07-08,마녀,8.15
359,2018-07-08,나의 산티아고,8.13
360,2018-07-08,진주 귀걸이를 한 소녀,8.12
361,2018-07-08,환상의 빛,8.01
362,2018-07-08,극장판 포켓몬스터DP - 디아루가 VS 펄기아 VS 다크라이,7.99
363,2018-07-08,파리로 가는 길,7.91
364,2018-07-08,오션스8,7.87
365,2018-07-08,세 번째 살인,7.78
366,2018-07-08,독전,7.71
367,2018-07-08,최강전사 미니특공대 : 새로운 악당의 습격,7.56
368,2018-07-08,콜 미 바이 유어 네임,7.51
369,2018-07-08,트루스 오어 데어,7.4
370,2018-07-08,유전,7.27
371,2018-07-08,여중생A,6.93
372,2018-07-08,버닝,6.67
373,2018-07-08,레이디버그,6.0
374,2018-07-08,게이트,3.75
375,2018-07-09,아일라,9.59
376,2018-07-09,허스토리,9.49
377,2018-07-09,마지막 황제,9.23
378,2018-07-09,킹 오브 프리즘 프라이드 더 히어로,9.21
379,2018-07-09,사랑과 영혼,9.17
380,2018-07-09,싸이코,9.14
381,2018-07-09,바그다드 카페 : 디렉터스컷,9.01
382,2018-07-09,어벤져스: 인피니티 워,8.96
383,2018-07-09,아이 필 프리티,8.95
384,2018-07-09,미드나잇 선,8.91
385,2018-07-09,개들의 섬,8.89
386,2018-07-09,소공녀,8.87
387,2018-07-09,그렇게 아버지가 된다,8.83
388,2018-07-09,아무도 모른다,8.83
389,2018-07-09,"스탠바이, 웬디",8.82
390,2018-07-09,앤트맨과 와스프,8.77
391,2018-07-09,데드풀 2,8.76
392,2018-07-09,바닷마을 다이어리,8.74
393,2018-07-09,걸어도 걸어도,8.64
394,2018-07-09,진짜로 일어날지도 몰라 기적,8.64
395,2018-07-09,탐정: 리턴즈,8.62
396,2018-07-09,태풍이 지나가고,8.6
397,2018-07-09,시카리오: 데이 오브 솔다도,8.58
398,2018-07-09,"색, 계",8.52
399,2018-07-09,최강전사 미니특공대 : 영웅의 탄생,8.41
400,2018-07-09,셰이프 오브 워터: 사랑의 모양,8.39
401,2018-07-09,시카리오: 암살자의 도시,8.26
402,2018-07-09,쥬라기 월드: 폴른 킹덤,8.18
403,2018-07-09,마녀,8.16
404,2018-07-09,제로 다크 서티,8.16
405,2018-07-09,변산,8.15
406,2018-07-09,나의 산티아고,8.13
407,2018-07-09,진주 귀걸이를 한 소녀,8.12
408,2018-07-09,환상의 빛,8.01
409,2018-07-09,극장판 포켓몬스터DP - 디아루가 VS 펄기아 VS 다크라이,7.98
410,2018-07-09,파리로 가는 길,7.91
411,2018-07-09,오션스8,7.86
412,2018-07-09,세 번째 살인,7.78
413,2018-07-09,독전,7.7
414,2018-07-09,최강전사 미니특공대 : 새로운 악당의 습격,7.56
415,2018-07-09,콜 미 바이 유어 네임,7.51
416,2018-07-09,유전,7.27
417,2018-07-09,여중생A,6.91
418,2018-07-09,버닝,6.66
419,2018-07-09,레이디버그,6.0
420,2018-07-09,게이트,3.75
421,2018-07-10,아일라,9.58
422,2018-07-10,허스토리,9.49
423,2018-07-10,사랑과 영혼,9.17
424,2018-07-10,싸이코,9.14
425,2018-07-10,바그다드 카페 : 디렉터스컷,9.02
426,2018-07-10,어벤져스: 인피니티 워,8.96
427,2018-07-10,아이 필 프리티,8.94
428,2018-07-10,미드나잇 선,8.9
429,2018-07-10,소공녀,8.87
430,2018-07-10,그렇게 아버지가 된다,8.83
431,2018-07-10,아무도 모른다,8.83
432,2018-07-10,개들의 섬,8.8
433,2018-07-10,데드풀 2,8.76
434,2018-07-10,앤트맨과 와스프,8.76
435,2018-07-10,바닷마을 다이어리,8.74
436,2018-07-10,"부르고뉴, 와인에서 찾은 인생",8.74
437,2018-07-10,걸어도 걸어도,8.64
438,2018-07-10,진짜로 일어날지도 몰라 기적,8.64
439,2018-07-10,탐정: 리턴즈,8.62
440,2018-07-10,태풍이 지나가고,8.6
441,2018-07-10,시카리오: 데이 오브 솔다도,8.57
442,2018-07-10,"색, 계",8.52
443,2018-07-10,최강전사 미니특공대 : 영웅의 탄생,8.41
444,2018-07-10,셰이프 오브 워터: 사랑의 모양,8.39
445,2018-07-10,여고괴담 두번째 이야기,8.3
446,2018-07-10,시카리오: 암살자의 도시,8.26
447,2018-07-10,쥬라기 월드: 폴른 킹덤,8.18
448,2018-07-10,마녀,8.17
449,2018-07-10,제로 다크 서티,8.16
450,2018-07-10,나의 산티아고,8.13
451,2018-07-10,진주 귀걸이를 한 소녀,8.12
452,2018-07-10,변산,8.06
453,2018-07-10,극장판 포켓몬스터DP - 디아루가 VS 펄기아 VS 다크라이,7.98
454,2018-07-10,파리로 가는 길,7.91
455,2018-07-10,오션스8,7.87
456,2018-07-10,세 번째 살인,7.78
457,2018-07-10,독전,7.7
458,2018-07-10,최강전사 미니특공대 : 새로운 악당의 습격,7.56
459,2018-07-10,콜 미 바이 유어 네임,7.51
460,2018-07-10,유전,7.27
461,2018-07-10,여중생A,6.89
462,2018-07-10,버닝,6.66
463,2018-07-10,경성학교: 사라진 소녀들,6.12
464,2018-07-10,레이디버그,6.0
465,2018-07-11,아일라,9.58
466,2018-07-11,허스토리,9.48
467,2018-07-11,사랑과 영혼,9.17
468,2018-07-11,싸이코,9.14
469,2018-07-11,바그다드 카페 : 디렉터스컷,9.02
470,2018-07-11,어벤져스: 인피니티 워,8.96
471,2018-07-11,아이 필 프리티,8.93
472,2018-07-11,미드나잇 선,8.91
473,2018-07-11,소공녀,8.87
474,2018-07-11,그렇게 아버지가 된다,8.83
475,2018-07-11,아무도 모른다,8.83
476,2018-07-11,개들의 섬,8.79
477,2018-07-11,데드풀 2,8.76
478,2018-07-11,앤트맨과 와스프,8.75
479,2018-07-11,바닷마을 다이어리,8.74
480,2018-07-11,"부르고뉴, 와인에서 찾은 인생",8.74
481,2018-07-11,걸어도 걸어도,8.64
482,2018-07-11,진짜로 일어날지도 몰라 기적,8.64
483,2018-07-11,탐정: 리턴즈,8.62
484,2018-07-11,태풍이 지나가고,8.6
485,2018-07-11,시카리오: 데이 오브 솔다도,8.57
486,2018-07-11,"색, 계",8.52
487,2018-07-11,최강전사 미니특공대 : 영웅의 탄생,8.41
488,2018-07-11,셰이프 오브 워터: 사랑의 모양,8.38
489,2018-07-11,스카이스크래퍼,8.35
490,2018-07-11,여고괴담 두번째 이야기,8.3
491,2018-07-11,시카리오: 암살자의 도시,8.26
492,2018-07-11,쥬라기 월드: 폴른 킹덤,8.18
493,2018-07-11,마녀,8.17
494,2018-07-11,제로 다크 서티,8.16
495,2018-07-11,나의 산티아고,8.13
496,2018-07-11,진주 귀걸이를 한 소녀,8.12
497,2018-07-11,극장판 포켓몬스터DP - 디아루가 VS 펄기아 VS 다크라이,7.99
498,2018-07-11,변산,7.97
499,2018-07-11,파리로 가는 길,7.91
500,2018-07-11,오션스8,7.86
501,2018-07-11,세 번째 살인,7.78
502,2018-07-11,독전,7.7
503,2018-07-11,최강전사 미니특공대 : 새로운 악당의 습격,7.56
504,2018-07-11,콜 미 바이 유어 네임,7.51
505,2018-07-11,유전,7.27
506,2018-07-11,여중생A,6.88
507,2018-07-11,버닝,6.66
508,2018-07-11,경성학교: 사라진 소녀들,6.12
509,2018-07-11,레이디버그,6.0
510,2018-07-12,아일라,9.58
511,2018-07-12,허스토리,9.48
512,2018-07-12,원더,9.41
513,2018-07-12,사랑과 영혼,9.17
514,2018-07-12,싸이코,9.15
515,2018-07-12,바그다드 카페 : 디렉터스컷,9.01
516,2018-07-12,어벤져스: 인피니티 워,8.96
517,2018-07-12,아이 필 프리티,8.91
518,2018-07-12,미드나잇 선,8.91
519,2018-07-12,소공녀,8.87
520,2018-07-12,그렇게 아버지가 된다,8.83
521,2018-07-12,아무도 모른다,8.83
522,2018-07-12,개들의 섬,8.79
523,2018-07-12,데드풀 2,8.76
524,2018-07-12,바닷마을 다이어리,8.74
525,2018-07-12,앤트맨과 와스프,8.74
526,2018-07-12,"부르고뉴, 와인에서 찾은 인생",8.74
527,2018-07-12,걸어도 걸어도,8.64
528,2018-07-12,진짜로 일어날지도 몰라 기적,8.64
529,2018-07-12,탐정: 리턴즈,8.62
530,2018-07-12,태풍이 지나가고,8.6
531,2018-07-12,시카리오: 데이 오브 솔다도,8.57
532,2018-07-12,최강전사 미니특공대 : 영웅의 탄생,8.41
533,2018-07-12,셰이프 오브 워터: 사랑의 모양,8.38
534,2018-07-12,여고괴담 두번째 이야기,8.3
535,2018-07-12,시카리오: 암살자의 도시,8.26
536,2018-07-12,스카이스크래퍼,8.19
537,2018-07-12,마녀,8.18
538,2018-07-12,쥬라기 월드: 폴른 킹덤,8.18
539,2018-07-12,제로 다크 서티,8.16
540,2018-07-12,나의 산티아고,8.13
541,2018-07-12,진주 귀걸이를 한 소녀,8.12
542,2018-07-12,변산,7.91
543,2018-07-12,파리로 가는 길,7.91
544,2018-07-12,오션스8,7.86
545,2018-07-12,세 번째 살인,7.78
546,2018-07-12,최강전사 미니특공대 : 새로운 악당의 습격,7.56
547,2018-07-12,콜 미 바이 유어 네임,7.51
548,2018-07-12,유전,7.27
549,2018-07-12,여중생A,6.88
550,2018-07-12,버닝,6.65
551,2018-07-12,경성학교: 사라진 소녀들,6.12
552,2018-07-12,레이디버그,6.0
553,2018-07-13,아일라,9.59
554,2018-07-13,당갈,9.58
555,2018-07-13,허스토리,9.48
556,2018-07-13,원더,9.41
557,2018-07-13,사랑과 영혼,9.17
558,2018-07-13,싸이코,9.15
559,2018-07-13,바그다드 카페 : 디렉터스컷,9.01
560,2018-07-13,어벤져스: 인피니티 워,8.96
561,2018-07-13,미드나잇 선,8.9
562,2018-07-13,아이 필 프리티,8.9
563,2018-07-13,마당을 나온 암탉,8.88
564,2018-07-13,소공녀,8.88
565,2018-07-13,그렇게 아버지가 된다,8.83
566,2018-07-13,아무도 모른다,8.83
567,2018-07-13,데드풀 2,8.76
568,2018-07-13,개들의 섬,8.76
569,2018-07-13,바닷마을 다이어리,8.74
570,2018-07-13,"부르고뉴, 와인에서 찾은 인생",8.73
571,2018-07-13,더 포스트,8.73
572,2018-07-13,앤트맨과 와스프,8.73
573,2018-07-13,걸어도 걸어도,8.64
574,2018-07-13,진짜로 일어날지도 몰라 기적,8.64
575,2018-07-13,탐정: 리턴즈,8.62
576,2018-07-13,태풍이 지나가고,8.6
577,2018-07-13,시카리오: 데이 오브 솔다도,8.57
578,2018-07-13,최강전사 미니특공대 : 영웅의 탄생,8.41
579,2018-07-13,여고괴담 두번째 이야기,8.3
580,2018-07-13,시카리오: 암살자의 도시,8.26
581,2018-07-13,마녀,8.18
582,2018-07-13,쥬라기 월드: 폴른 킹덤,8.18
583,2018-07-13,제로 다크 서티,8.16
584,2018-07-13,스카이스크래퍼,8.16
585,2018-07-13,나의 산티아고,8.13
586,2018-07-13,진주 귀걸이를 한 소녀,8.12
587,2018-07-13,변산,7.92
588,2018-07-13,파리로 가는 길,7.91
589,2018-07-13,오션스8,7.86
590,2018-07-13,세 번째 살인,7.78
591,2018-07-13,최강전사 미니특공대 : 새로운 악당의 습격,7.56
592,2018-07-13,콜 미 바이 유어 네임,7.51
593,2018-07-13,유전,7.27
594,2018-07-13,여중생A,6.88
595,2018-07-13,"안녕, 나의 소녀",6.72
596,2018-07-13,버닝,6.65
597,2018-07-13,나라타주,6.48
598,2018-07-13,속닥속닥,6.19
599,2018-07-13,경성학교: 사라진 소녀들,6.12
600,2018-07-13,레이디버그,6.0
601,2018-07-14,아일라,9.59
602,2018-07-14,당갈,9.57
603,2018-07-14,허스토리,9.47
604,2018-07-14,원더,9.41
605,2018-07-14,사랑과 영혼,9.17
606,2018-07-14,싸이코,9.15
607,2018-07-14,바그다드 카페 : 디렉터스컷,9.01
608,2018-07-14,어벤져스: 인피니티 워,8.96
609,2018-07-14,미드나잇 선,8.9
610,2018-07-14,아이 필 프리티,8.89
611,2018-07-14,마당을 나온 암탉,8.88
612,2018-07-14,소공녀,8.88
613,2018-07-14,그렇게 아버지가 된다,8.83
614,2018-07-14,아무도 모른다,8.83
615,2018-07-14,데드풀 2,8.76
616,2018-07-14,개들의 섬,8.75
617,2018-07-14,바닷마을 다이어리,8.74
618,2018-07-14,"부르고뉴, 와인에서 찾은 인생",8.74
619,2018-07-14,더 포스트,8.73
620,2018-07-14,앤트맨과 와스프,8.72
621,2018-07-14,걸어도 걸어도,8.64
622,2018-07-14,진짜로 일어날지도 몰라 기적,8.64
623,2018-07-14,탐정: 리턴즈,8.63
624,2018-07-14,태풍이 지나가고,8.6
625,2018-07-14,시카리오: 데이 오브 솔다도,8.57
626,2018-07-14,최강전사 미니특공대 : 영웅의 탄생,8.41
627,2018-07-14,여고괴담 두번째 이야기,8.3
628,2018-07-14,시카리오: 암살자의 도시,8.26
629,2018-07-14,마녀,8.19
630,2018-07-14,쥬라기 월드: 폴른 킹덤,8.18
631,2018-07-14,제로 다크 서티,8.16
632,2018-07-14,나의 산티아고,8.13
633,2018-07-14,스카이스크래퍼,8.1
634,2018-07-14,변산,7.94
635,2018-07-14,파리로 가는 길,7.91
636,2018-07-14,오션스8,7.86
637,2018-07-14,세 번째 살인,7.78
638,2018-07-14,최강전사 미니특공대 : 새로운 악당의 습격,7.56
639,2018-07-14,콜 미 바이 유어 네임,7.52
640,2018-07-14,유전,7.28
641,2018-07-14,여중생A,6.87
642,2018-07-14,"안녕, 나의 소녀",6.72
643,2018-07-14,버닝,6.65
644,2018-07-14,나라타주,6.48
645,2018-07-14,속닥속닥,6.16
646,2018-07-14,경성학교: 사라진 소녀들,6.12
647,2018-07-14,레이디버그,6.0
648,2018-07-15,아일라,9.59
649,2018-07-15,당갈,9.57
650,2018-07-15,허스토리,9.47
651,2018-07-15,사랑과 영혼,9.17
652,2018-07-15,싸이코,9.15
653,2018-07-15,다키스트 아워,9.13
654,2018-07-15,어벤져스: 인피니티 워,8.96
655,2018-07-15,미드나잇 선,8.9
656,2018-07-15,아이 필 프리티,8.88
657,2018-07-15,마당을 나온 암탉,8.88
658,2018-07-15,소공녀,8.88
659,2018-07-15,그렇게 아버지가 된다,8.83
660,2018-07-15,아무도 모른다,8.83
661,2018-07-15,데드풀 2,8.76
662,2018-07-15,바닷마을 다이어리,8.74
663,2018-07-15,"부르고뉴, 와인에서 찾은 인생",8.73
664,2018-07-15,더 포스트,8.73
665,2018-07-15,개들의 섬,8.73
666,2018-07-15,앤트맨과 와스프,8.72
667,2018-07-15,걸어도 걸어도,8.64
668,2018-07-15,진짜로 일어날지도 몰라 기적,8.64
669,2018-07-15,탐정: 리턴즈,8.63
670,2018-07-15,태풍이 지나가고,8.6
671,2018-07-15,시카리오: 데이 오브 솔다도,8.57
672,2018-07-15,최강전사 미니특공대 : 영웅의 탄생,8.41
673,2018-07-15,여고괴담 두번째 이야기,8.3
674,2018-07-15,시카리오: 암살자의 도시,8.26
675,2018-07-15,마녀,8.21
676,2018-07-15,스카이스크래퍼,8.2
677,2018-07-15,쥬라기 월드: 폴른 킹덤,8.18
678,2018-07-15,제로 다크 서티,8.16
679,2018-07-15,나의 산티아고,8.13
680,2018-07-15,변산,7.96
681,2018-07-15,파리로 가는 길,7.91
682,2018-07-15,오션스8,7.86
683,2018-07-15,세 번째 살인,7.78
684,2018-07-15,최강전사 미니특공대 : 새로운 악당의 습격,7.56
685,2018-07-15,유전,7.28
686,2018-07-15,여중생A,6.85
687,2018-07-15,"안녕, 나의 소녀",6.72
688,2018-07-15,버닝,6.65
689,2018-07-15,나라타주,6.48
690,2018-07-15,속닥속닥,6.28
691,2018-07-15,경성학교: 사라진 소녀들,6.12
692,2018-07-15,레이디버그,6.0
693,2018-07-16,아일라,9.6
694,2018-07-16,당갈,9.57
695,2018-07-16,허스토리,9.48
696,2018-07-16,죽은 시인의 사회,9.38
697,2018-07-16,사랑과 영혼,9.17
698,2018-07-16,싸이코,9.15
699,2018-07-16,어벤져스: 인피니티 워,8.97
700,2018-07-16,미드나잇 선,8.9
701,2018-07-16,마당을 나온 암탉,8.88
702,2018-07-16,소공녀,8.88
703,2018-07-16,아이 필 프리티,8.87
704,2018-07-16,그렇게 아버지가 된다,8.83
705,2018-07-16,아무도 모른다,8.83
706,2018-07-16,데드풀 2,8.76
707,2018-07-16,바닷마을 다이어리,8.74
708,2018-07-16,"부르고뉴, 와인에서 찾은 인생",8.73
709,2018-07-16,더 포스트,8.73
710,2018-07-16,개들의 섬,8.72
711,2018-07-16,앤트맨과 와스프,8.71
712,2018-07-16,걸어도 걸어도,8.64
713,2018-07-16,진짜로 일어날지도 몰라 기적,8.64
714,2018-07-16,탐정: 리턴즈,8.62
715,2018-07-16,태풍이 지나가고,8.6
716,2018-07-16,시카리오: 데이 오브 솔다도,8.58
717,2018-07-16,최강전사 미니특공대 : 영웅의 탄생,8.41
718,2018-07-16,여고괴담 두번째 이야기,8.3
719,2018-07-16,시카리오: 암살자의 도시,8.26
720,2018-07-16,스카이스크래퍼,8.25
721,2018-07-16,마녀,8.2
722,2018-07-16,쥬라기 월드: 폴른 킹덤,8.18
723,2018-07-16,제로 다크 서티,8.16
724,2018-07-16,나의 산티아고,8.13
725,2018-07-16,극장판 포켓몬스터DP - 디아루가 VS 펄기아 VS 다크라이,7.99
726,2018-07-16,변산,7.96
727,2018-07-16,파리로 가는 길,7.91
728,2018-07-16,오션스8,7.86
729,2018-07-16,세 번째 살인,7.78
730,2018-07-16,최강전사 미니특공대 : 새로운 악당의 습격,7.56
731,2018-07-16,유전,7.28
732,2018-07-16,여중생A,6.83
733,2018-07-16,"안녕, 나의 소녀",6.72
734,2018-07-16,버닝,6.65
735,2018-07-16,나라타주,6.48
736,2018-07-16,경성학교: 사라진 소녀들,6.12
737,2018-07-16,속닥속닥,6.11
738,2018-07-16,레이디버그,6.0
739,2018-07-17,아일라,9.57
740,2018-07-17,당갈,9.57
741,2018-07-17,허스토리,9.47
742,2018-07-17,죽은 시인의 사회,9.38
743,2018-07-17,사랑과 영혼,9.17
744,2018-07-17,어벤져스: 인피니티 워,8.97
745,2018-07-17,미드나잇 선,8.89
746,2018-07-17,마당을 나온 암탉,8.88
747,2018-07-17,소공녀,8.88
748,2018-07-17,아이 필 프리티,8.86
749,2018-07-17,그렇게 아버지가 된다,8.83
750,2018-07-17,아무도 모른다,8.83
751,2018-07-17,바닷마을 다이어리,8.74
752,2018-07-17,"부르고뉴, 와인에서 찾은 인생",8.73
753,2018-07-17,더 포스트,8.73
754,2018-07-17,개들의 섬,8.72
755,2018-07-17,앤트맨과 와스프,8.7
756,2018-07-17,걸어도 걸어도,8.64
757,2018-07-17,탐정: 리턴즈,8.62
758,2018-07-17,태풍이 지나가고,8.6
759,2018-07-17,시카리오: 데이 오브 솔다도,8.56
760,2018-07-17,"오늘 밤, 로맨스 극장에서",8.52
761,2018-07-17,최강전사 미니특공대 : 영웅의 탄생,8.41
762,2018-07-17,여고괴담 두번째 이야기,8.3
763,2018-07-17,시카리오: 암살자의 도시,8.26
764,2018-07-17,스카이스크래퍼,8.24
765,2018-07-17,마녀,8.21
766,2018-07-17,쥬라기 월드: 폴른 킹덤,8.17
767,2018-07-17,나의 산티아고,8.13
768,2018-07-17,변산,7.98
769,2018-07-17,파리로 가는 길,7.91
770,2018-07-17,오션스8,7.86
771,2018-07-17,세 번째 살인,7.78
772,2018-07-17,최강전사 미니특공대 : 새로운 악당의 습격,7.56
773,2018-07-17,유전,7.28
774,2018-07-17,여중생A,6.82
775,2018-07-17,"안녕, 나의 소녀",6.69
776,2018-07-17,버닝,6.65
777,2018-07-17,나라타주,6.48
778,2018-07-17,경성학교: 사라진 소녀들,6.12
779,2018-07-17,레이디버그,6.0
780,2018-07-17,속닥속닥,5.94
781,2018-07-18,아일라,9.58
782,2018-07-18,당갈,9.57
783,2018-07-18,허스토리,9.47
784,2018-07-18,벤허,9.22
785,2018-07-18,인크레더블 2,9.19
786,2018-07-18,사랑과 영혼,9.17
787,2018-07-18,어벤져스: 인피니티 워,8.97
788,2018-07-18,미드나잇 선,8.89
789,2018-07-18,마당을 나온 암탉,8.88
790,2018-07-18,소공녀,8.88
791,2018-07-18,아이 필 프리티,8.85
792,2018-07-18,아무도 모른다,8.83
793,2018-07-18,그렇게 아버지가 된다,8.83
794,2018-07-18,바닷마을 다이어리,8.74
795,2018-07-18,"부르고뉴, 와인에서 찾은 인생",8.73
796,2018-07-18,더 포스트,8.73
797,2018-07-18,개들의 섬,8.71
798,2018-07-18,앤트맨과 와스프,8.69
799,2018-07-18,걸어도 걸어도,8.65
800,2018-07-18,탐정: 리턴즈,8.61
801,2018-07-18,태풍이 지나가고,8.6
802,2018-07-18,시카리오: 데이 오브 솔다도,8.55
803,2018-07-18,"오늘 밤, 로맨스 극장에서",8.54
804,2018-07-18,여고괴담 두번째 이야기,8.3
805,2018-07-18,시카리오: 암살자의 도시,8.26
806,2018-07-18,스카이스크래퍼,8.24
807,2018-07-18,마녀,8.21
808,2018-07-18,쥬라기 월드: 폴른 킹덤,8.17
809,2018-07-18,나의 산티아고,8.13
810,2018-07-18,변산,7.98
811,2018-07-18,파리로 가는 길,7.91
812,2018-07-18,오션스8,7.86
813,2018-07-18,세 번째 살인,7.79
814,2018-07-18,독전,7.67
815,2018-07-18,유전,7.28
816,2018-07-18,"안녕, 나의 소녀",6.69
817,2018-07-18,버닝,6.65
818,2018-07-18,나라타주,6.48
819,2018-07-18,경성학교: 사라진 소녀들,6.12
820,2018-07-18,속닥속닥,5.85
821,2018-07-19,당갈,9.56
822,2018-07-19,아일라,9.55
823,2018-07-19,허스토리,9.48
824,2018-07-19,덕구,9.48
825,2018-07-19,레옹,9.37
826,2018-07-19,벤허,9.22
827,2018-07-19,사랑과 영혼,9.17
828,2018-07-19,인크레더블 2,9.16
829,2018-07-19,어벤져스: 인피니티 워,8.97
830,2018-07-19,미드나잇 선,8.9
831,2018-07-19,마당을 나온 암탉,8.88
832,2018-07-19,소공녀,8.88
833,2018-07-19,아이 필 프리티,8.86
834,2018-07-19,아무도 모른다,8.83
835,2018-07-19,그렇게 아버지가 된다,8.83
836,2018-07-19,바닷마을 다이어리,8.74
837,2018-07-19,리틀 포레스트,8.74
838,2018-07-19,"부르고뉴, 와인에서 찾은 인생",8.73
839,2018-07-19,더 포스트,8.73
840,2018-07-19,개들의 섬,8.71
841,2018-07-19,앤트맨과 와스프,8.69
842,2018-07-19,블레이드 2,8.68
843,2018-07-19,걸어도 걸어도,8.65
844,2018-07-19,태풍이 지나가고,8.6
845,2018-07-19,탐정: 리턴즈,8.58
846,2018-07-19,시카리오: 데이 오브 솔다도,8.54
847,2018-07-19,"오늘 밤, 로맨스 극장에서",8.51
848,2018-07-19,여고괴담 두번째 이야기,8.3
849,2018-07-19,시카리오: 암살자의 도시,8.26
850,2018-07-19,스카이스크래퍼,8.22
851,2018-07-19,판의 미로 - 오필리아와 세 개의 열쇠,8.21
852,2018-07-19,마녀,8.2
853,2018-07-19,쥬라기 월드: 폴른 킹덤,8.17
854,2018-07-19,제로 다크 서티,8.16
855,2018-07-19,나의 산티아고,8.13
856,2018-07-19,변산,7.97
857,2018-07-19,파리로 가는 길,7.91
858,2018-07-19,오션스8,7.86
859,2018-07-19,세 번째 살인,7.79
860,2018-07-19,독전,7.66
861,2018-07-19,유전,7.28
862,2018-07-19,"안녕, 나의 소녀",6.69
863,2018-07-19,버닝,6.65
864,2018-07-19,나라타주,6.48
865,2018-07-19,경성학교: 사라진 소녀들,6.12
866,2018-07-19,속닥속닥,5.8
867,2018-07-20,당갈,9.56
868,2018-07-20,아일라,9.55
869,2018-07-20,허스토리,9.48
870,2018-07-20,덕구,9.48
871,2018-07-20,레옹,9.37
872,2018-07-20,벤허,9.22
873,2018-07-20,인크레더블 2,9.19
874,2018-07-20,사랑과 영혼,9.17
875,2018-07-20,어벤져스: 인피니티 워,8.96
876,2018-07-20,미드나잇 선,8.89
877,2018-07-20,마당을 나온 암탉,8.88
878,2018-07-20,소공녀,8.88
879,2018-07-20,아이 필 프리티,8.85
880,2018-07-20,"스탠바이, 웬디",8.84
881,2018-07-20,아무도 모른다,8.83
882,2018-07-20,그렇게 아버지가 된다,8.83
883,2018-07-20,바닷마을 다이어리,8.74
884,2018-07-20,리틀 포레스트,8.74
885,2018-07-20,더 포스트,8.73
886,2018-07-20,"부르고뉴, 와인에서 찾은 인생",8.71
887,2018-07-20,개들의 섬,8.7
888,2018-07-20,블레이드 2,8.68
889,2018-07-20,앤트맨과 와스프,8.68
890,2018-07-20,걸어도 걸어도,8.65
891,2018-07-20,태풍이 지나가고,8.6
892,2018-07-20,탐정: 리턴즈,8.56
893,2018-07-20,시카리오: 데이 오브 솔다도,8.54
894,2018-07-20,"오늘 밤, 로맨스 극장에서",8.51
895,2018-07-20,여고괴담 두번째 이야기,8.3
896,2018-07-20,시카리오: 암살자의 도시,8.26
897,2018-07-20,스카이스크래퍼,8.21
898,2018-07-20,판의 미로 - 오필리아와 세 개의 열쇠,8.21
899,2018-07-20,마녀,8.2
900,2018-07-20,쥬라기 월드: 폴른 킹덤,8.17
901,2018-07-20,제로 다크 서티,8.16
902,2018-07-20,나의 산티아고,8.13
903,2018-07-20,변산,7.95
904,2018-07-20,파리로 가는 길,7.91
905,2018-07-20,오션스8,7.85
906,2018-07-20,세 번째 살인,7.79
907,2018-07-20,독전,7.66
908,2018-07-20,호텔 아르테미스,7.37
909,2018-07-20,유전,7.28
910,2018-07-20,"안녕, 나의 소녀",6.7
911,2018-07-20,버닝,6.65
912,2018-07-20,나라타주,6.48
913,2018-07-20,경성학교: 사라진 소녀들,6.12
914,2018-07-20,속닥속닥,5.79
915,2018-07-21,당갈,9.56
916,2018-07-21,아일라,9.55
917,2018-07-21,허스토리,9.46
918,2018-07-21,레옹,9.37
919,2018-07-21,인크레더블 2,9.23
920,2018-07-21,벤허,9.22
921,2018-07-21,사랑과 영혼,9.17
922,2018-07-21,어벤져스: 인피니티 워,8.97
923,2018-07-21,미드나잇 선,8.9
924,2018-07-21,마당을 나온 암탉,8.88
925,2018-07-21,소공녀,8.88
926,2018-07-21,"스탠바이, 웬디",8.85
927,2018-07-21,아이 필 프리티,8.84
928,2018-07-21,아무도 모른다,8.83
929,2018-07-21,그렇게 아버지가 된다,8.83
930,2018-07-21,바닷마을 다이어리,8.74
931,2018-07-21,리틀 포레스트,8.74
932,2018-07-21,"부르고뉴, 와인에서 찾은 인생",8.72
933,2018-07-21,개들의 섬,8.69
934,2018-07-21,블레이드 2,8.68
935,2018-07-21,앤트맨과 와스프,8.68
936,2018-07-21,걸어도 걸어도,8.65
937,2018-07-21,태풍이 지나가고,8.6
938,2018-07-21,족구왕,8.55
939,2018-07-21,탐정: 리턴즈,8.55
940,2018-07-21,시카리오: 데이 오브 솔다도,8.54
941,2018-07-21,"오늘 밤, 로맨스 극장에서",8.49
942,2018-07-21,여고괴담 두번째 이야기,8.3
943,2018-07-21,시카리오: 암살자의 도시,8.26
944,2018-07-21,스카이스크래퍼,8.21
945,2018-07-21,판의 미로 - 오필리아와 세 개의 열쇠,8.21
946,2018-07-21,마녀,8.2
947,2018-07-21,쥬라기 월드: 폴른 킹덤,8.17
948,2018-07-21,제로 다크 서티,8.16
949,2018-07-21,나의 산티아고,8.13
950,2018-07-21,변산,7.96
951,2018-07-21,파리로 가는 길,7.9
952,2018-07-21,오션스8,7.83
953,2018-07-21,세 번째 살인,7.79
954,2018-07-21,독전,7.65
955,2018-07-21,호텔 아르테미스,7.25
956,2018-07-21,"안녕, 나의 소녀",6.7
957,2018-07-21,버닝,6.65
958,2018-07-21,나라타주,6.48
959,2018-07-21,경성학교: 사라진 소녀들,6.12
960,2018-07-21,속닥속닥,5.77
961,2018-07-22,아일라,9.56
962,2018-07-22,당갈,9.55
963,2018-07-22,허스토리,9.46
964,2018-07-22,레옹,9.37
965,2018-07-22,인크레더블 2,9.24
966,2018-07-22,벤허,9.22
967,2018-07-22,사랑과 영혼,9.17
968,2018-07-22,어벤져스: 인피니티 워,8.97
969,2018-07-22,미드나잇 선,8.9
970,2018-07-22,소공녀,8.88
971,2018-07-22,마당을 나온 암탉,8.88
972,2018-07-22,아이 필 프리티,8.85
973,2018-07-22,아무도 모른다,8.83
974,2018-07-22,그렇게 아버지가 된다,8.83
975,2018-07-22,바닷마을 다이어리,8.74
976,2018-07-22,리틀 포레스트,8.74
977,2018-07-22,"부르고뉴, 와인에서 찾은 인생",8.72
978,2018-07-22,블레이드 2,8.68
979,2018-07-22,앤트맨과 와스프,8.68
980,2018-07-22,개들의 섬,8.66
981,2018-07-22,걸어도 걸어도,8.65
982,2018-07-22,태풍이 지나가고,8.6
983,2018-07-22,족구왕,8.55
984,2018-07-22,시카리오: 데이 오브 솔다도,8.54
985,2018-07-22,탐정: 리턴즈,8.53
986,2018-07-22,"오늘 밤, 로맨스 극장에서",8.5
987,2018-07-22,여고괴담 두번째 이야기,8.3
988,2018-07-22,시카리오: 암살자의 도시,8.26
989,2018-07-22,마녀,8.21
990,2018-07-22,판의 미로 - 오필리아와 세 개의 열쇠,8.21
991,2018-07-22,스카이스크래퍼,8.21
992,2018-07-22,쥬라기 월드: 폴른 킹덤,8.17
993,2018-07-22,제로 다크 서티,8.16
994,2018-07-22,나의 산티아고,8.13
995,2018-07-22,변산,7.97
996,2018-07-22,파리로 가는 길,7.9
997,2018-07-22,오션스8,7.83
998,2018-07-22,세 번째 살인,7.78
999,2018-07-22,독전,7.64
1000,2018-07-22,호텔 아르테미스,7.22
1001,2018-07-22,"안녕, 나의 소녀",6.7
1002,2018-07-22,버닝,6.65
1003,2018-07-22,나라타주,6.48
1004,2018-07-22,경성학교: 사라진 소녀들,6.12
1005,2018-07-22,속닥속닥,5.74
1006,2018-07-23,아일라,9.56
1007,2018-07-23,당갈,9.55
1008,2018-07-23,허스토리,9.46
1009,2018-07-23,레옹,9.37
1010,2018-07-23,인크레더블 2,9.25
1011,2018-07-23,벤허,9.22
1012,2018-07-23,사랑과 영혼,9.17
1013,2018-07-23,레이,9.03
1014,2018-07-23,어벤져스: 인피니티 워,8.97
1015,2018-07-23,미드나잇 선,8.9
1016,2018-07-23,소공녀,8.88
1017,2018-07-23,마당을 나온 암탉,8.88
1018,2018-07-23,아이 필 프리티,8.84
1019,2018-07-23,그렇게 아버지가 된다,8.83
1020,2018-07-23,아무도 모른다,8.83
1021,2018-07-23,리틀 포레스트,8.74
1022,2018-07-23,바닷마을 다이어리,8.74
1023,2018-07-23,"부르고뉴, 와인에서 찾은 인생",8.72
1024,2018-07-23,블레이드 2,8.68
1025,2018-07-23,앤트맨과 와스프,8.68
1026,2018-07-23,걸어도 걸어도,8.65
1027,2018-07-23,개들의 섬,8.65
1028,2018-07-23,진짜로 일어날지도 몰라 기적,8.64
1029,2018-07-23,태풍이 지나가고,8.6
1030,2018-07-23,족구왕,8.55
1031,2018-07-23,시카리오: 데이 오브 솔다도,8.53
1032,2018-07-23,탐정: 리턴즈,8.52
1033,2018-07-23,"오늘 밤, 로맨스 극장에서",8.52
1034,2018-07-23,여고괴담 두번째 이야기,8.3
1035,2018-07-23,시카리오: 암살자의 도시,8.26
1036,2018-07-23,판의 미로 - 오필리아와 세 개의 열쇠,8.21
1037,2018-07-23,마녀,8.2
1038,2018-07-23,스카이스크래퍼,8.2
1039,2018-07-23,쥬라기 월드: 폴른 킹덤,8.17
1040,2018-07-23,제로 다크 서티,8.16
1041,2018-07-23,나의 산티아고,8.13
1042,2018-07-23,환상의 빛,8.01
1043,2018-07-23,변산,7.98
1044,2018-07-23,파리로 가는 길,7.91
1045,2018-07-23,오션스8,7.83
1046,2018-07-23,세 번째 살인,7.78
1047,2018-07-23,독전,7.64
1048,2018-07-23,호텔 아르테미스,7.18
1049,2018-07-23,"안녕, 나의 소녀",6.7
1050,2018-07-23,버닝,6.65
1051,2018-07-23,나라타주,6.48
1052,2018-07-23,경성학교: 사라진 소녀들,6.12
1053,2018-07-23,속닥속닥,5.65
1054,2018-07-24,아일라,9.56
1055,2018-07-24,당갈,9.55
1056,2018-07-24,허스토리,9.44
1057,2018-07-24,레옹,9.37
1058,2018-07-24,인크레더블 2,9.25
1059,2018-07-24,벤허,9.22
1060,2018-07-24,사랑과 영혼,9.17
1061,2018-07-24,레이,9.03
1062,2018-07-24,어벤져스: 인피니티 워,8.97
1063,2018-07-24,미드나잇 선,8.9
1064,2018-07-24,소공녀,8.88
1065,2018-07-24,마당을 나온 암탉,8.88
1066,2018-07-24,아이 필 프리티,8.83
1067,2018-07-24,그렇게 아버지가 된다,8.83
1068,2018-07-24,아무도 모른다,8.83
1069,2018-07-24,리틀 포레스트,8.74
1070,2018-07-24,바닷마을 다이어리,8.74
1071,2018-07-24,"부르고뉴, 와인에서 찾은 인생",8.72
1072,2018-07-24,블레이드 2,8.68
1073,2018-07-24,앤트맨과 와스프,8.68
1074,2018-07-24,걸어도 걸어도,8.65
1075,2018-07-24,개들의 섬,8.64
1076,2018-07-24,진짜로 일어날지도 몰라 기적,8.64
1077,2018-07-24,태풍이 지나가고,8.6
1078,2018-07-24,족구왕,8.55
1079,2018-07-24,시카리오: 데이 오브 솔다도,8.53
1080,2018-07-24,탐정: 리턴즈,8.52
1081,2018-07-24,"오늘 밤, 로맨스 극장에서",8.51
1082,2018-07-24,이별의 아침에 약속의 꽃을 장식하자,8.43
1083,2018-07-24,여고괴담 두번째 이야기,8.3
1084,2018-07-24,시카리오: 암살자의 도시,8.26
1085,2018-07-24,판의 미로 - 오필리아와 세 개의 열쇠,8.21
1086,2018-07-24,마녀,8.2
1087,2018-07-24,스카이스크래퍼,8.2
1088,2018-07-24,쥬라기 월드: 폴른 킹덤,8.17
1089,2018-07-24,제로 다크 서티,8.16
1090,2018-07-24,나의 산티아고,8.13
1091,2018-07-24,환상의 빛,8.01
1092,2018-07-24,변산,7.99
1093,2018-07-24,오션스8,7.83
1094,2018-07-24,세 번째 살인,7.78
1095,2018-07-24,독전,7.63
1096,2018-07-24,호텔 아르테미스,7.07
1097,2018-07-24,"안녕, 나의 소녀",6.67
1098,2018-07-24,버닝,6.64
1099,2018-07-24,나라타주,6.48
1100,2018-07-24,경성학교: 사라진 소녀들,6.12
1101,2018-07-24,속닥속닥,5.52
1102,2018-07-25,당갈,9.55
1103,2018-07-25,아일라,9.55
1104,2018-07-25,허스토리,9.43
1105,2018-07-25,레옹,9.37
1106,2018-07-25,인크레더블 2,9.26
1107,2018-07-25,미션 임파서블: 폴아웃,9.22
1108,2018-07-25,벤허,9.22
1109,2018-07-25,사랑과 영혼,9.17
1110,2018-07-25,레이,9.03
1111,2018-07-25,어벤져스: 인피니티 워,8.97
1112,2018-07-25,미드나잇 선,8.88
1113,2018-07-25,소공녀,8.88
1114,2018-07-25,그렇게 아버지가 된다,8.83
1115,2018-07-25,아무도 모른다,8.83
1116,2018-07-25,아이 필 프리티,8.83
1117,2018-07-25,리틀 포레스트,8.74
1118,2018-07-25,바닷마을 다이어리,8.74
1119,2018-07-25,"부르고뉴, 와인에서 찾은 인생",8.72
1120,2018-07-25,블레이드 2,8.68
1121,2018-07-25,앤트맨과 와스프,8.68
1122,2018-07-25,걸어도 걸어도,8.65
1123,2018-07-25,진짜로 일어날지도 몰라 기적,8.64
1124,2018-07-25,개들의 섬,8.63
1125,2018-07-25,태풍이 지나가고,8.6
1126,2018-07-25,족구왕,8.55
1127,2018-07-25,시카리오: 데이 오브 솔다도,8.53
1128,2018-07-25,탐정: 리턴즈,8.51
1129,2018-07-25,"오늘 밤, 로맨스 극장에서",8.5
1130,2018-07-25,이별의 아침에 약속의 꽃을 장식하자,8.42
1131,2018-07-25,여고괴담 두번째 이야기,8.3
1132,2018-07-25,시카리오: 암살자의 도시,8.26
1133,2018-07-25,마녀,8.21
1134,2018-07-25,판의 미로 - 오필리아와 세 개의 열쇠,8.21
1135,2018-07-25,스카이스크래퍼,8.19
1136,2018-07-25,쥬라기 월드: 폴른 킹덤,8.16
1137,2018-07-25,나의 산티아고,8.13
1138,2018-07-25,환상의 빛,8.01
1139,2018-07-25,변산,7.99
1140,2018-07-25,파리로 가는 길,7.9
1141,2018-07-25,세 번째 살인,7.78
1142,2018-07-25,독전,7.63
1143,2018-07-25,호텔 아르테미스,7.01
1144,2018-07-25,"안녕, 나의 소녀",6.67
1145,2018-07-25,버닝,6.64
1146,2018-07-25,나라타주,6.48
1147,2018-07-25,경성학교: 사라진 소녀들,6.12
1148,2018-07-25,속닥속닥,5.46
1149,2018-07-25,인랑,4.98
1150,2018-07-26,당갈,9.56
1151,2018-07-26,아일라,9.55
1152,2018-07-26,허스토리,9.43
1153,2018-07-26,원더,9.41
1154,2018-07-26,레옹,9.37
1155,2018-07-26,인크레더블 2,9.25
1156,2018-07-26,미션 임파서블: 폴아웃,9.23
1157,2018-07-26,벤허,9.22
1158,2018-07-26,사랑과 영혼,9.17
1159,2018-07-26,어벤져스: 인피니티 워,8.97
1160,2018-07-26,미드나잇 선,8.89
1161,2018-07-26,소공녀,8.88
1162,2018-07-26,아무도 모른다,8.83
1163,2018-07-26,그렇게 아버지가 된다,8.83
1164,2018-07-26,아이 필 프리티,8.83
1165,2018-07-26,리틀 포레스트,8.74
1166,2018-07-26,바닷마을 다이어리,8.74
1167,2018-07-26,"부르고뉴, 와인에서 찾은 인생",8.71
1168,2018-07-26,블레이드 2,8.69
1169,2018-07-26,앤트맨과 와스프,8.68
1170,2018-07-26,걸어도 걸어도,8.65
1171,2018-07-26,진짜로 일어날지도 몰라 기적,8.64
1172,2018-07-26,개들의 섬,8.63
1173,2018-07-26,태풍이 지나가고,8.6
1174,2018-07-26,시카리오: 데이 오브 솔다도,8.53
1175,2018-07-26,"오늘 밤, 로맨스 극장에서",8.51
1176,2018-07-26,탐정: 리턴즈,8.5
1177,2018-07-26,이별의 아침에 약속의 꽃을 장식하자,8.41
1178,2018-07-26,여고괴담 두번째 이야기,8.3
1179,2018-07-26,시카리오: 암살자의 도시,8.26
1180,2018-07-26,마녀,8.21
1181,2018-07-26,판의 미로 - 오필리아와 세 개의 열쇠,8.21
1182,2018-07-26,스카이스크래퍼,8.19
1183,2018-07-26,쥬라기 월드: 폴른 킹덤,8.16
1184,2018-07-26,나의 산티아고,8.13
1185,2018-07-26,환상의 빛,8.01
1186,2018-07-26,변산,7.99
1187,2018-07-26,아이 엠 러브,7.92
1188,2018-07-26,파리로 가는 길,7.9
1189,2018-07-26,세 번째 살인,7.78
1190,2018-07-26,독전,7.63
1191,2018-07-26,킬링 디어,7.24
1192,2018-07-26,호텔 아르테미스,6.97
1193,2018-07-26,"안녕, 나의 소녀",6.67
1194,2018-07-26,버닝,6.64
1195,2018-07-26,나라타주,6.48
1196,2018-07-26,경성학교: 사라진 소녀들,6.12
1197,2018-07-26,속닥속닥,5.41
1198,2018-07-26,인랑,4.34
1199,2018-07-26,게이트,3.74
1200,2018-07-27,아일라,9.56
1201,2018-07-27,당갈,9.56
1202,2018-07-27,허스토리,9.42
1203,2018-07-27,원더,9.41
1204,2018-07-27,레옹,9.37
1205,2018-07-27,동주,9.35
1206,2018-07-27,피아니스트,9.3
1207,2018-07-27,인크레더블 2,9.26
1208,2018-07-27,미션 임파서블: 폴아웃,9.22
1209,2018-07-27,벤허,9.22
1210,2018-07-27,사랑과 영혼,9.17
1211,2018-07-27,신비아파트: 금빛 도깨비와 비밀의 동굴,9.04
1212,2018-07-27,싱 스트리트,9.01
1213,2018-07-27,어벤져스: 인피니티 워,8.97
1214,2018-07-27,미드나잇 선,8.89
1215,2018-07-27,소공녀,8.88
1216,2018-07-27,아무도 모른다,8.83
1217,2018-07-27,그렇게 아버지가 된다,8.83
1218,2018-07-27,아이 필 프리티,8.82
1219,2018-07-27,리틀 포레스트,8.74
1220,2018-07-27,바닷마을 다이어리,8.74
1221,2018-07-27,"부르고뉴, 와인에서 찾은 인생",8.71
1222,2018-07-27,블레이드 2,8.69
1223,2018-07-27,앤트맨과 와스프,8.68
1224,2018-07-27,걸어도 걸어도,8.65
1225,2018-07-27,건축학개론,8.65
1226,2018-07-27,개들의 섬,8.64
1227,2018-07-27,진짜로 일어날지도 몰라 기적,8.63
1228,2018-07-27,태풍이 지나가고,8.6
1229,2018-07-27,시카리오: 데이 오브 솔다도,8.53
1230,2018-07-27,"오늘 밤, 로맨스 극장에서",8.51
1231,2018-07-27,탐정: 리턴즈,8.5
1232,2018-07-27,이별의 아침에 약속의 꽃을 장식하자,8.42
1233,2018-07-27,여고괴담 두번째 이야기,8.3
1234,2018-07-27,시카리오: 암살자의 도시,8.26
1235,2018-07-27,마녀,8.21
1236,2018-07-27,판의 미로 - 오필리아와 세 개의 열쇠,8.21
1237,2018-07-27,스카이스크래퍼,8.19
1238,2018-07-27,쥬라기 월드: 폴른 킹덤,8.16
1239,2018-07-27,나의 산티아고,8.13
1240,2018-07-27,환상의 빛,8.01
1241,2018-07-27,변산,7.99
1242,2018-07-27,아이 엠 러브,7.95
1243,2018-07-27,파리로 가는 길,7.91
1244,2018-07-27,조용한 가족,7.85
1245,2018-07-27,세 번째 살인,7.78
1246,2018-07-27,어거스트 : 가족의 초상,7.78
1247,2018-07-27,독전,7.63
1248,2018-07-27,단지 세상의 끝,7.45
1249,2018-07-27,킬링 디어,7.26
1250,2018-07-28,아일라,9.56
1251,2018-07-28,당갈,9.56
1252,2018-07-28,허스토리,9.42
1253,2018-07-28,원더,9.41
1254,2018-07-28,레옹,9.37
1255,2018-07-28,동주,9.35
1256,2018-07-28,피아니스트,9.3
1257,2018-07-28,인크레더블 2,9.26
1258,2018-07-28,벤허,9.22
1259,2018-07-28,미션 임파서블: 폴아웃,9.19
1260,2018-07-28,싱 스트리트,9.01
1261,2018-07-28,어벤져스: 인피니티 워,8.97
1262,2018-07-28,신비아파트: 금빛 도깨비와 비밀의 동굴,8.92
1263,2018-07-28,소공녀,8.88
1264,2018-07-28,미드나잇 선,8.88
1265,2018-07-28,그렇게 아버지가 된다,8.83
1266,2018-07-28,아무도 모른다,8.83
1267,2018-07-28,아이 필 프리티,8.82
1268,2018-07-28,리틀 포레스트,8.74
1269,2018-07-28,바닷마을 다이어리,8.74
1270,2018-07-28,"부르고뉴, 와인에서 찾은 인생",8.71
1271,2018-07-28,블레이드 2,8.69
1272,2018-07-28,앤트맨과 와스프,8.68
1273,2018-07-28,걸어도 걸어도,8.65
1274,2018-07-28,건축학개론,8.65
1275,2018-07-28,진짜로 일어날지도 몰라 기적,8.63
1276,2018-07-28,개들의 섬,8.63
1277,2018-07-28,태풍이 지나가고,8.6
1278,2018-07-28,시카리오: 데이 오브 솔다도,8.53
1279,2018-07-28,"오늘 밤, 로맨스 극장에서",8.51
1280,2018-07-28,탐정: 리턴즈,8.49
1281,2018-07-28,이별의 아침에 약속의 꽃을 장식하자,8.46
1282,2018-07-28,500일의 썸머,8.38
1283,2018-07-28,여고괴담 두번째 이야기,8.31
1284,2018-07-28,시카리오: 암살자의 도시,8.26
1285,2018-07-28,마녀,8.21
1286,2018-07-28,판의 미로 - 오필리아와 세 개의 열쇠,8.21
1287,2018-07-28,스카이스크래퍼,8.19
1288,2018-07-28,쥬라기 월드: 폴른 킹덤,8.15
1289,2018-07-28,나의 산티아고,8.13
1290,2018-07-28,변산,7.99
1291,2018-07-28,아이 엠 러브,7.95
1292,2018-07-28,파리로 가는 길,7.91
1293,2018-07-28,조용한 가족,7.85
1294,2018-07-28,한여름의 판타지아,7.83
1295,2018-07-28,세 번째 살인,7.78
1296,2018-07-28,어거스트 : 가족의 초상,7.78
1297,2018-07-28,독전,7.63
1298,2018-07-28,단지 세상의 끝,7.45
1299,2018-07-28,킬링 디어,7.29
1300,2018-07-29,아일라,9.56
1301,2018-07-29,당갈,9.56
1302,2018-07-29,허스토리,9.42
1303,2018-07-29,원더,9.41
1304,2018-07-29,레옹,9.37
1305,2018-07-29,동주,9.35
1306,2018-07-29,피아니스트,9.3
1307,2018-07-29,인크레더블 2,9.26
1308,2018-07-29,어느 가족,9.26
1309,2018-07-29,벤허,9.22
1310,2018-07-29,미션 임파서블: 폴아웃,9.17
1311,2018-07-29,싱 스트리트,9.01
1312,2018-07-29,어벤져스: 인피니티 워,8.97
1313,2018-07-29,신비아파트: 금빛 도깨비와 비밀의 동굴,8.91
1314,2018-07-29,소공녀,8.88
1315,2018-07-29,미드나잇 선,8.87
1316,2018-07-29,그렇게 아버지가 된다,8.83
1317,2018-07-29,아무도 모른다,8.83
1318,2018-07-29,아이 필 프리티,8.81
1319,2018-07-29,리틀 포레스트,8.74
1320,2018-07-29,바닷마을 다이어리,8.74
1321,2018-07-29,"부르고뉴, 와인에서 찾은 인생",8.71
1322,2018-07-29,블레이드 2,8.69
1323,2018-07-29,앤트맨과 와스프,8.68
1324,2018-07-29,걸어도 걸어도,8.65
1325,2018-07-29,건축학개론,8.65
1326,2018-07-29,진짜로 일어날지도 몰라 기적,8.63
1327,2018-07-29,개들의 섬,8.63
1328,2018-07-29,태풍이 지나가고,8.6
1329,2018-07-29,시카리오: 데이 오브 솔다도,8.53
1330,2018-07-29,"오늘 밤, 로맨스 극장에서",8.5
1331,2018-07-29,탐정: 리턴즈,8.48
1332,2018-07-29,이별의 아침에 약속의 꽃을 장식하자,8.47
1333,2018-07-29,500일의 썸머,8.38
1334,2018-07-29,여고괴담 두번째 이야기,8.31
1335,2018-07-29,시카리오: 암살자의 도시,8.26
1336,2018-07-29,마녀,8.22
1337,2018-07-29,판의 미로 - 오필리아와 세 개의 열쇠,8.21
1338,2018-07-29,스카이스크래퍼,8.18
1339,2018-07-29,쥬라기 월드: 폴른 킹덤,8.15
1340,2018-07-29,나의 산티아고,8.13
1341,2018-07-29,변산,7.99
1342,2018-07-29,아이 엠 러브,7.92
1343,2018-07-29,파리로 가는 길,7.91
1344,2018-07-29,조용한 가족,7.85
1345,2018-07-29,한여름의 판타지아,7.83
1346,2018-07-29,세 번째 살인,7.78
1347,2018-07-29,어거스트 : 가족의 초상,7.78
1348,2018-07-29,독전,7.62
1349,2018-07-29,단지 세상의 끝,7.45
1350,2018-07-30,아일라,9.56
1351,2018-07-30,당갈,9.56
1352,2018-07-30,허스토리,9.42
1353,2018-07-30,원더,9.41
1354,2018-07-30,레옹,9.37
1355,2018-07-30,동주,9.35
1356,2018-07-30,피아니스트,9.3
1357,2018-07-30,인크레더블 2,9.27
1358,2018-07-30,어느 가족,9.26
1359,2018-07-30,"서서평, 천천히 평온하게",9.22
1360,2018-07-30,바람과 함께 사라지다,9.22
1361,2018-07-30,벤허,9.22
1362,2018-07-30,미션 임파서블: 폴아웃,9.17
1363,2018-07-30,싱 스트리트,9.01
1364,2018-07-30,어벤져스: 인피니티 워,8.97
1365,2018-07-30,미션,8.9
1366,2018-07-30,신비아파트: 금빛 도깨비와 비밀의 동굴,8.89
1367,2018-07-30,소공녀,8.88
1368,2018-07-30,미드나잇 선,8.88
1369,2018-07-30,아무도 모른다,8.83
1370,2018-07-30,그렇게 아버지가 된다,8.83
1371,2018-07-30,아이 필 프리티,8.81
1372,2018-07-30,리틀 포레스트,8.74
1373,2018-07-30,바닷마을 다이어리,8.74
1374,2018-07-30,"부르고뉴, 와인에서 찾은 인생",8.71
1375,2018-07-30,블레이드 2,8.69
1376,2018-07-30,앤트맨과 와스프,8.68
1377,2018-07-30,걸어도 걸어도,8.65
1378,2018-07-30,건축학개론,8.65
1379,2018-07-30,개들의 섬,8.63
1380,2018-07-30,태풍이 지나가고,8.6
1381,2018-07-30,시카리오: 데이 오브 솔다도,8.53
1382,2018-07-30,"오늘 밤, 로맨스 극장에서",8.5
1383,2018-07-30,이별의 아침에 약속의 꽃을 장식하자,8.46
1384,2018-07-30,500일의 썸머,8.38
1385,2018-07-30,시카리오: 암살자의 도시,8.26
1386,2018-07-30,마녀,8.22
1387,2018-07-30,판의 미로 - 오필리아와 세 개의 열쇠,8.21
1388,2018-07-30,스카이스크래퍼,8.18
1389,2018-07-30,쥬라기 월드: 폴른 킹덤,8.14
1390,2018-07-30,나의 산티아고,8.13
1391,2018-07-30,변산,7.98
1392,2018-07-30,아이 엠 러브,7.93
1393,2018-07-30,파리로 가는 길,7.91
1394,2018-07-30,조용한 가족,7.85
1395,2018-07-30,한여름의 판타지아,7.83
1396,2018-07-30,세 번째 살인,7.78
1397,2018-07-30,어거스트 : 가족의 초상,7.78
1398,2018-07-30,독전,7.62
1399,2018-07-30,단지 세상의 끝,7.45
1400,2018-07-31,아일라,9.56
1401,2018-07-31,당갈,9.55
1402,2018-07-31,허스토리,9.42
1403,2018-07-31,원더,9.41
1404,2018-07-31,레옹,9.37
1405,2018-07-31,동주,9.35
1406,2018-07-31,피아니스트,9.3
1407,2018-07-31,인크레더블 2,9.27
1408,2018-07-31,어느 가족,9.22
1409,2018-07-31,바람과 함께 사라지다,9.22
1410,2018-07-31,벤허,9.22
1411,2018-07-31,파수꾼,9.19
1412,2018-07-31,미션 임파서블: 폴아웃,9.16
1413,2018-07-31,싱 스트리트,9.01
1414,2018-07-31,어벤져스: 인피니티 워,8.96
1415,2018-07-31,미션,8.9
1416,2018-07-31,소공녀,8.88
1417,2018-07-31,미드나잇 선,8.86
1418,2018-07-31,신비아파트: 금빛 도깨비와 비밀의 동굴,8.85
1419,2018-07-31,그렇게 아버지가 된다,8.83
1420,2018-07-31,아이 필 프리티,8.8
1421,2018-07-31,리틀 포레스트,8.74
1422,2018-07-31,바닷마을 다이어리,8.74
1423,2018-07-31,"부르고뉴, 와인에서 찾은 인생",8.71
1424,2018-07-31,블레이드 2,8.69
1425,2018-07-31,앤트맨과 와스프,8.68
1426,2018-07-31,걸어도 걸어도,8.65
1427,2018-07-31,건축학개론,8.65
1428,2018-07-31,개들의 섬,8.61
1429,2018-07-31,태풍이 지나가고,8.6
1430,2018-07-31,시카리오: 데이 오브 솔다도,8.53
1431,2018-07-31,"오늘 밤, 로맨스 극장에서",8.5
1432,2018-07-31,이별의 아침에 약속의 꽃을 장식하자,8.48
1433,2018-07-31,500일의 썸머,8.38
1434,2018-07-31,시카리오: 암살자의 도시,8.26
1435,2018-07-31,마녀,8.22
1436,2018-07-31,판의 미로 - 오필리아와 세 개의 열쇠,8.21
1437,2018-07-31,스카이스크래퍼,8.18
1438,2018-07-31,쥬라기 월드: 폴른 킹덤,8.13
1439,2018-07-31,나의 산티아고,8.13
1440,2018-07-31,변산,7.98
1441,2018-07-31,아이 엠 러브,7.91
1442,2018-07-31,파리로 가는 길,7.91
1443,2018-07-31,조용한 가족,7.85
1444,2018-07-31,한여름의 판타지아,7.83
1445,2018-07-31,세 번째 살인,7.78
1446,2018-07-31,어거스트 : 가족의 초상,7.78
1447,2018-07-31,독전,7.62
1448,2018-07-31,단지 세상의 끝,7.45
1449,2018-07-31,킬링 디어,7.17
1450,2018-08-01,아일라,9.56
1451,2018-08-01,당갈,9.55
1452,2018-08-01,원더,9.41
1453,2018-08-01,허스토리,9.41
1454,2018-08-01,레옹,9.37
1455,2018-08-01,동주,9.35
1456,2018-08-01,인크레더블 2,9.27
1457,2018-08-01,어느 가족,9.25
1458,2018-08-01,바람과 함께 사라지다,9.22
1459,2018-08-01,벤허,9.22
1460,2018-08-01,파수꾼,9.19
1461,2018-08-01,미션 임파서블: 폴아웃,9.16
1462,2018-08-01,레이,9.03
1463,2018-08-01,싱 스트리트,9.01
1464,2018-08-01,어벤져스: 인피니티 워,8.96
1465,2018-08-01,"알로, 슈티",8.89
1466,2018-08-01,미션,8.89
1467,2018-08-01,소공녀,8.89
1468,2018-08-01,미드나잇 선,8.86
1469,2018-08-01,그렇게 아버지가 된다,8.83
1470,2018-08-01,신비아파트: 금빛 도깨비와 비밀의 동굴,8.82
1471,2018-08-01,리틀 포레스트,8.74
1472,2018-08-01,바닷마을 다이어리,8.74
1473,2018-08-01,"부르고뉴, 와인에서 찾은 인생",8.71
1474,2018-08-01,블레이드 2,8.69
1475,2018-08-01,앤트맨과 와스프,8.68
1476,2018-08-01,걸어도 걸어도,8.65
1477,2018-08-01,건축학개론,8.65
1478,2018-08-01,개들의 섬,8.6
1479,2018-08-01,태풍이 지나가고,8.6
1480,2018-08-01,시카리오: 데이 오브 솔다도,8.53
1481,2018-08-01,"오늘 밤, 로맨스 극장에서",8.5
1482,2018-08-01,이별의 아침에 약속의 꽃을 장식하자,8.49
1483,2018-08-01,500일의 썸머,8.38
1484,2018-08-01,마녀,8.21
1485,2018-08-01,판의 미로 - 오필리아와 세 개의 열쇠,8.21
1486,2018-08-01,스카이스크래퍼,8.18
1487,2018-08-01,나의 산티아고,8.13
1488,2018-08-01,쥬라기 월드: 폴른 킹덤,8.13
1489,2018-08-01,변산,7.98
1490,2018-08-01,아이 엠 러브,7.93
1491,2018-08-01,파리로 가는 길,7.91
1492,2018-08-01,조용한 가족,7.86
1493,2018-08-01,한여름의 판타지아,7.83
1494,2018-08-01,세 번째 살인,7.78
1495,2018-08-01,어거스트 : 가족의 초상,7.78
1496,2018-08-01,독전,7.62
1497,2018-08-01,단지 세상의 끝,7.45
1498,2018-08-01,킬링 디어,7.19
1499,2018-08-01,신과함께-인과 연,7.17
1500,2018-08-02,아일라,9.55
1501,2018-08-02,당갈,9.55
1502,2018-08-02,원더,9.41
1503,2018-08-02,허스토리,9.41
1504,2018-08-02,레옹,9.37
1505,2018-08-02,동주,9.35
1506,2018-08-02,극장판 헬로카봇 : 백악기 시대,9.29
1507,2018-08-02,어느 가족,9.27
1508,2018-08-02,인크레더블 2,9.27
1509,2018-08-02,바람과 함께 사라지다,9.22
1510,2018-08-02,벤허,9.22
1511,2018-08-02,파수꾼,9.19
1512,2018-08-02,미션 임파서블: 폴아웃,9.15
1513,2018-08-02,레이,9.03
1514,2018-08-02,싱 스트리트,9.01
1515,2018-08-02,어벤져스: 인피니티 워,8.96
1516,2018-08-02,"알로, 슈티",8.89
1517,2018-08-02,미션,8.89
1518,2018-08-02,소공녀,8.88
1519,2018-08-02,미드나잇 선,8.84
1520,2018-08-02,그렇게 아버지가 된다,8.83
1521,2018-08-02,신비아파트: 금빛 도깨비와 비밀의 동굴,8.83
1522,2018-08-02,리틀 포레스트,8.74
1523,2018-08-02,바닷마을 다이어리,8.74
1524,2018-08-02,"부르고뉴, 와인에서 찾은 인생",8.71
1525,2018-08-02,블레이드 2,8.69
1526,2018-08-02,앤트맨과 와스프,8.68
1527,2018-08-02,걸어도 걸어도,8.65
1528,2018-08-02,건축학개론,8.65
1529,2018-08-02,태풍이 지나가고,8.6
1530,2018-08-02,개들의 섬,8.6
1531,2018-08-02,시카리오: 데이 오브 솔다도,8.53
1532,2018-08-02,"오늘 밤, 로맨스 극장에서",8.51
1533,2018-08-02,이별의 아침에 약속의 꽃을 장식하자,8.51
1534,2018-08-02,500일의 썸머,8.38
1535,2018-08-02,마녀,8.22
1536,2018-08-02,판의 미로 - 오필리아와 세 개의 열쇠,8.2
1537,2018-08-02,스카이스크래퍼,8.18
1538,2018-08-02,나의 산티아고,8.13
1539,2018-08-02,쥬라기 월드: 폴른 킹덤,8.13
1540,2018-08-02,아이 엠 러브,7.95
1541,2018-08-02,변산,7.92
1542,2018-08-02,파리로 가는 길,7.91
1543,2018-08-02,조용한 가족,7.86
1544,2018-08-02,한여름의 판타지아,7.83
1545,2018-08-02,세 번째 살인,7.79
1546,2018-08-02,어거스트 : 가족의 초상,7.78
1547,2018-08-02,신과함께-인과 연,7.63
1548,2018-08-02,독전,7.61
1549,2018-08-02,단지 세상의 끝,7.45
1550,2018-08-03,아일라,9.56
1551,2018-08-03,당갈,9.55
1552,2018-08-03,원더,9.41
1553,2018-08-03,허스토리,9.41
1554,2018-08-03,레옹,9.37
1555,2018-08-03,동주,9.35
1556,2018-08-03,극장판 헬로카봇 : 백악기 시대,9.3
1557,2018-08-03,인크레더블 2,9.27
1558,2018-08-03,어느 가족,9.26
1559,2018-08-03,바람과 함께 사라지다,9.22
1560,2018-08-03,벤허,9.22
1561,2018-08-03,파수꾼,9.19
1562,2018-08-03,미션 임파서블: 폴아웃,9.15
1563,2018-08-03,레이,9.03
1564,2018-08-03,싱 스트리트,9.01
1565,2018-08-03,어벤져스: 인피니티 워,8.96
1566,2018-08-03,"알로, 슈티",8.89
1567,2018-08-03,미션,8.89
1568,2018-08-03,소공녀,8.89
1569,2018-08-03,미드나잇 선,8.84
1570,2018-08-03,그렇게 아버지가 된다,8.83
1571,2018-08-03,신비아파트: 금빛 도깨비와 비밀의 동굴,8.83
1572,2018-08-03,리틀 포레스트,8.74
1573,2018-08-03,바닷마을 다이어리,8.74
1574,2018-08-03,"부르고뉴, 와인에서 찾은 인생",8.71
1575,2018-08-03,블레이드 2,8.69
1576,2018-08-03,앤트맨과 와스프,8.68
1577,2018-08-03,걸어도 걸어도,8.65
1578,2018-08-03,건축학개론,8.65
1579,2018-08-03,개들의 섬,8.6
1580,2018-08-03,태풍이 지나가고,8.6
1581,2018-08-03,시카리오: 데이 오브 솔다도,8.53
1582,2018-08-03,이별의 아침에 약속의 꽃을 장식하자,8.52
1583,2018-08-03,"오늘 밤, 로맨스 극장에서",8.51
1584,2018-08-03,500일의 썸머,8.38
1585,2018-08-03,마녀,8.22
1586,2018-08-03,판의 미로 - 오필리아와 세 개의 열쇠,8.2
1587,2018-08-03,스카이스크래퍼,8.18
1588,2018-08-03,나의 산티아고,8.13
1589,2018-08-03,쥬라기 월드: 폴른 킹덤,8.12
1590,2018-08-03,아이 엠 러브,7.96
1591,2018-08-03,파리로 가는 길,7.91
1592,2018-08-03,조용한 가족,7.86
1593,2018-08-03,변산,7.86
1594,2018-08-03,한여름의 판타지아,7.83
1595,2018-08-03,세 번째 살인,7.78
1596,2018-08-03,어거스트 : 가족의 초상,7.78
1597,2018-08-03,신과함께-인과 연,7.7
1598,2018-08-03,독전,7.61
1599,2018-08-03,콜 미 바이 유어 네임,7.53
1600,2018-08-04,아일라,9.56
1601,2018-08-04,당갈,9.55
1602,2018-08-04,원더,9.41
1603,2018-08-04,허스토리,9.41
1604,2018-08-04,레옹,9.37
1605,2018-08-04,동주,9.35
1606,2018-08-04,극장판 헬로카봇 : 백악기 시대,9.27
1607,2018-08-04,인크레더블 2,9.26
1608,2018-08-04,어느 가족,9.25
1609,2018-08-04,바람과 함께 사라지다,9.22
1610,2018-08-04,파수꾼,9.19
1611,2018-08-04,미션 임파서블: 폴아웃,9.16
1612,2018-08-04,레이,9.03
1613,2018-08-04,싱 스트리트,9.01
1614,2018-08-04,어벤져스: 인피니티 워,8.96
1615,2018-08-04,"알로, 슈티",8.89
1616,2018-08-04,미션,8.89
1617,2018-08-04,소공녀,8.89
1618,2018-08-04,미드나잇 선,8.83
1619,2018-08-04,그렇게 아버지가 된다,8.83
1620,2018-08-04,신비아파트: 금빛 도깨비와 비밀의 동굴,8.82
1621,2018-08-04,리틀 포레스트,8.74
1622,2018-08-04,바닷마을 다이어리,8.74
1623,2018-08-04,"부르고뉴, 와인에서 찾은 인생",8.72
1624,2018-08-04,블레이드 2,8.69
1625,2018-08-04,앤트맨과 와스프,8.67
1626,2018-08-04,건축학개론,8.65
1627,2018-08-04,걸어도 걸어도,8.65
1628,2018-08-04,개들의 섬,8.6
1629,2018-08-04,태풍이 지나가고,8.6
1630,2018-08-04,시카리오: 데이 오브 솔다도,8.53
1631,2018-08-04,"오늘 밤, 로맨스 극장에서",8.51
1632,2018-08-04,이별의 아침에 약속의 꽃을 장식하자,8.49
1633,2018-08-04,500일의 썸머,8.38
1634,2018-08-04,마녀,8.22
1635,2018-08-04,스카이스크래퍼,8.18
1636,2018-08-04,나의 산티아고,8.13
1637,2018-08-04,쥬라기 월드: 폴른 킹덤,8.12
1638,2018-08-04,아이 엠 러브,7.98
1639,2018-08-04,파리로 가는 길,7.91
1640,2018-08-04,조용한 가족,7.86
1641,2018-08-04,한여름의 판타지아,7.83
1642,2018-08-04,변산,7.81
1643,2018-08-04,세 번째 살인,7.78
1644,2018-08-04,어거스트 : 가족의 초상,7.78
1645,2018-08-04,신과함께-인과 연,7.72
1646,2018-08-04,독전,7.61
1647,2018-08-04,콜 미 바이 유어 네임,7.53
1648,2018-08-04,단지 세상의 끝,7.45
1649,2018-08-04,킬링 디어,7.21
1650,2018-08-05,아일라,9.55
1651,2018-08-05,당갈,9.55
1652,2018-08-05,원더,9.41
1653,2018-08-05,허스토리,9.41
1654,2018-08-05,레옹,9.37
1655,2018-08-05,동주,9.35
1656,2018-08-05,인크레더블 2,9.27
1657,2018-08-05,어느 가족,9.25
1658,2018-08-05,극장판 헬로카봇 : 백악기 시대,9.25
1659,2018-08-05,바람과 함께 사라지다,9.22
1660,2018-08-05,파수꾼,9.19
1661,2018-08-05,미션 임파서블: 폴아웃,9.16
1662,2018-08-05,어벤져스: 인피니티 워,8.96
1663,2018-08-05,미션,8.89
1664,2018-08-05,소공녀,8.88
1665,2018-08-05,미드나잇 선,8.84
1666,2018-08-05,그렇게 아버지가 된다,8.83
1667,2018-08-05,신비아파트: 금빛 도깨비와 비밀의 동굴,8.81
1668,2018-08-05,리틀 포레스트,8.74
1669,2018-08-05,바닷마을 다이어리,8.74
1670,2018-08-05,"부르고뉴, 와인에서 찾은 인생",8.72
1671,2018-08-05,블레이드 2,8.69
1672,2018-08-05,앤트맨과 와스프,8.67
1673,2018-08-05,걸어도 걸어도,8.65
1674,2018-08-05,건축학개론,8.65
1675,2018-08-05,개들의 섬,8.6
1676,2018-08-05,태풍이 지나가고,8.6
1677,2018-08-05,시카리오: 데이 오브 솔다도,8.53
1678,2018-08-05,"오늘 밤, 로맨스 극장에서",8.51
1679,2018-08-05,이별의 아침에 약속의 꽃을 장식하자,8.48
1680,2018-08-05,500일의 썸머,8.38
1681,2018-08-05,마녀,8.22
1682,2018-08-05,스카이스크래퍼,8.18
1683,2018-08-05,나의 산티아고,8.13
1684,2018-08-05,아이 엠 러브,7.97
1685,2018-08-05,파리로 가는 길,7.91
1686,2018-08-05,조용한 가족,7.86
1687,2018-08-05,한여름의 판타지아,7.83
1688,2018-08-05,세 번째 살인,7.78
1689,2018-08-05,변산,7.78
1690,2018-08-05,어거스트 : 가족의 초상,7.78
1691,2018-08-05,신과함께-인과 연,7.75
1692,2018-08-05,독전,7.61
1693,2018-08-05,콜 미 바이 유어 네임,7.52
1694,2018-08-05,단지 세상의 끝,7.45
1695,2018-08-05,킬링 디어,7.18
1696,2018-08-05,호텔 아르테미스,6.95
1697,2018-08-05,"안녕, 나의 소녀",6.68
1698,2018-08-05,비밀은 없다,6.51
1699,2018-08-05,인랑,4.15
1700,2018-08-06,아일라,9.55
1701,2018-08-06,당갈,9.55
1702,2018-08-06,원더,9.41
1703,2018-08-06,허스토리,9.4
1704,2018-08-06,레옹,9.37
1705,2018-08-06,동주,9.35
1706,2018-08-06,인크레더블 2,9.27
1707,2018-08-06,극장판 헬로카봇 : 백악기 시대,9.26
1708,2018-08-06,어느 가족,9.25
1709,2018-08-06,바람과 함께 사라지다,9.22
1710,2018-08-06,파수꾼,9.19
1711,2018-08-06,사랑과 영혼,9.17
1712,2018-08-06,미션 임파서블: 폴아웃,9.15
1713,2018-08-06,어벤져스: 인피니티 워,8.96
1714,2018-08-06,바르다가 사랑한 얼굴들,8.95
1715,2018-08-06,미션,8.89
1716,2018-08-06,소공녀,8.88
1717,2018-08-06,그렇게 아버지가 된다,8.83
1718,2018-08-06,미드나잇 선,8.83
1719,2018-08-06,신비아파트: 금빛 도깨비와 비밀의 동굴,8.81
1720,2018-08-06,미녀와 야수,8.79
1721,2018-08-06,리틀 포레스트,8.74
1722,2018-08-06,바닷마을 다이어리,8.74
1723,2018-08-06,"부르고뉴, 와인에서 찾은 인생",8.71
1724,2018-08-06,블레이드 2,8.69
1725,2018-08-06,앤트맨과 와스프,8.67
1726,2018-08-06,건축학개론,8.65
1727,2018-08-06,걸어도 걸어도,8.64
1728,2018-08-06,개들의 섬,8.6
1729,2018-08-06,안경,8.6
1730,2018-08-06,미드나잇 인 파리,8.55
1731,2018-08-06,시카리오: 데이 오브 솔다도,8.53
1732,2018-08-06,캐롤,8.53
1733,2018-08-06,"오늘 밤, 로맨스 극장에서",8.5
1734,2018-08-06,이별의 아침에 약속의 꽃을 장식하자,8.48
1735,2018-08-06,명탐정 코난 : 감벽의 관,8.42
1736,2018-08-06,500일의 썸머,8.38
1737,2018-08-06,카모메 식당,8.37
1738,2018-08-06,마녀,8.22
1739,2018-08-06,스카이스크래퍼,8.18
1740,2018-08-06,나의 산티아고,8.13
1741,2018-08-06,아이 엠 러브,7.98
1742,2018-08-06,파리로 가는 길,7.91
1743,2018-08-06,한여름의 판타지아,7.83
1744,2018-08-06,세 번째 살인,7.78
1745,2018-08-06,변산,7.76
1746,2018-08-06,신과함께-인과 연,7.75
1747,2018-08-06,독전,7.6
1748,2018-08-06,콜 미 바이 유어 네임,7.52
1749,2018-08-06,킬링 디어,7.2
1750,2018-08-07,아일라,9.55
1751,2018-08-07,당갈,9.55
1752,2018-08-07,원더,9.42
1753,2018-08-07,허스토리,9.39
1754,2018-08-07,레옹,9.37
1755,2018-08-07,동주,9.35
1756,2018-08-07,인크레더블 2,9.27
1757,2018-08-07,극장판 헬로카봇 : 백악기 시대,9.25
1758,2018-08-07,어느 가족,9.24
1759,2018-08-07,바람과 함께 사라지다,9.22
1760,2018-08-07,파수꾼,9.19
1761,2018-08-07,사랑과 영혼,9.17
1762,2018-08-07,미션 임파서블: 폴아웃,9.15
1763,2018-08-07,어벤져스: 인피니티 워,8.96
1764,2018-08-07,바르다가 사랑한 얼굴들,8.93
1765,2018-08-07,소공녀,8.88
1766,2018-08-07,그렇게 아버지가 된다,8.83
1767,2018-08-07,미드나잇 선,8.83
1768,2018-08-07,신비아파트: 금빛 도깨비와 비밀의 동굴,8.81
1769,2018-08-07,리틀 포레스트,8.74
1770,2018-08-07,바닷마을 다이어리,8.74
1771,2018-08-07,"부르고뉴, 와인에서 찾은 인생",8.71
1772,2018-08-07,블레이드 2,8.69
1773,2018-08-07,앤트맨과 와스프,8.67
1774,2018-08-07,건축학개론,8.65
1775,2018-08-07,걸어도 걸어도,8.64
1776,2018-08-07,개들의 섬,8.6
1777,2018-08-07,안경,8.6
1778,2018-08-07,미드나잇 인 파리,8.55
1779,2018-08-07,시카리오: 데이 오브 솔다도,8.53
1780,2018-08-07,캐롤,8.53
1781,2018-08-07,"오늘 밤, 로맨스 극장에서",8.5
1782,2018-08-07,이별의 아침에 약속의 꽃을 장식하자,8.47
1783,2018-08-07,500일의 썸머,8.38
1784,2018-08-07,카모메 식당,8.37
1785,2018-08-07,마녀,8.21
1786,2018-08-07,나의 산티아고,8.13
1787,2018-08-07,고양이를 빌려드립니다,8.08
1788,2018-08-07,아이 엠 러브,7.95
1789,2018-08-07,파리로 가는 길,7.91
1790,2018-08-07,한여름의 판타지아,7.83
1791,2018-08-07,세 번째 살인,7.78
1792,2018-08-07,신과함께-인과 연,7.75
1793,2018-08-07,변산,7.74
1794,2018-08-07,독전,7.6
1795,2018-08-07,콜 미 바이 유어 네임,7.52
1796,2018-08-07,킬링 디어,7.19
1797,2018-08-07,호텔 아르테미스,6.95
1798,2018-08-07,"안녕, 나의 소녀",6.65
1799,2018-08-07,비밀은 없다,6.51
1800,2018-08-08,아일라,9.55
1801,2018-08-08,당갈,9.55
1802,2018-08-08,원더,9.42
1803,2018-08-08,명탐정 코난 : 제로의 집행인,9.39
1804,2018-08-08,허스토리,9.39
1805,2018-08-08,레옹,9.37
1806,2018-08-08,동주,9.35
1807,2018-08-08,인크레더블 2,9.27
1808,2018-08-08,극장판 헬로카봇 : 백악기 시대,9.25
1809,2018-08-08,어느 가족,9.24
1810,2018-08-08,맘마미아!2,9.23
1811,2018-08-08,바람과 함께 사라지다,9.22
1812,2018-08-08,파수꾼,9.19
1813,2018-08-08,사랑과 영혼,9.17
1814,2018-08-08,미션 임파서블: 폴아웃,9.15
1815,2018-08-08,눈길,9.13
1816,2018-08-08,어벤져스: 인피니티 워,8.96
1817,2018-08-08,바르다가 사랑한 얼굴들,8.92
1818,2018-08-08,소공녀,8.89
1819,2018-08-08,그렇게 아버지가 된다,8.83
1820,2018-08-08,미드나잇 선,8.83
1821,2018-08-08,신비아파트: 금빛 도깨비와 비밀의 동굴,8.8
1822,2018-08-08,리틀 포레스트,8.74
1823,2018-08-08,바닷마을 다이어리,8.74
1824,2018-08-08,"부르고뉴, 와인에서 찾은 인생",8.71
1825,2018-08-08,블레이드 2,8.69
1826,2018-08-08,앤트맨과 와스프,8.67
1827,2018-08-08,건축학개론,8.65
1828,2018-08-08,걸어도 걸어도,8.64
1829,2018-08-08,안경,8.6
1830,2018-08-08,개들의 섬,8.6
1831,2018-08-08,미드나잇 인 파리,8.55
1832,2018-08-08,캐롤,8.53
1833,2018-08-08,시카리오: 데이 오브 솔다도,8.52
1834,2018-08-08,"오늘 밤, 로맨스 극장에서",8.5
1835,2018-08-08,이별의 아침에 약속의 꽃을 장식하자,8.46
1836,2018-08-08,명탐정 코난 : 감벽의 관,8.43
1837,2018-08-08,500일의 썸머,8.38
1838,2018-08-08,카모메 식당,8.37
1839,2018-08-08,마녀,8.21
1840,2018-08-08,나의 산티아고,8.13
1841,2018-08-08,고양이를 빌려드립니다,8.09
1842,2018-08-08,아이 엠 러브,7.96
1843,2018-08-08,파리로 가는 길,7.91
1844,2018-08-08,한여름의 판타지아,7.83
1845,2018-08-08,세 번째 살인,7.78
1846,2018-08-08,신과함께-인과 연,7.76
1847,2018-08-08,독전,7.6
1848,2018-08-08,콜 미 바이 유어 네임,7.53
1849,2018-08-08,공작,7.27
1850,2018-08-09,아일라,9.56
1851,2018-08-09,당갈,9.54
1852,2018-08-09,원더,9.42
1853,2018-08-09,레옹,9.37
1854,2018-08-09,허스토리,9.36
1855,2018-08-09,동주,9.35
1856,2018-08-09,명탐정 코난 : 제로의 집행인,9.35
1857,2018-08-09,인크레더블 2,9.27
1858,2018-08-09,맘마미아!2,9.26
1859,2018-08-09,극장판 헬로카봇 : 백악기 시대,9.25
1860,2018-08-09,어느 가족,9.24
1861,2018-08-09,사랑과 영혼,9.17
1862,2018-08-09,미션 임파서블: 폴아웃,9.15
1863,2018-08-09,눈길,9.13
1864,2018-08-09,어벤져스: 인피니티 워,8.96
1865,2018-08-09,몬스터 호텔 3,8.95
1866,2018-08-09,바르다가 사랑한 얼굴들,8.93
1867,2018-08-09,소공녀,8.88
1868,2018-08-09,그렇게 아버지가 된다,8.83
1869,2018-08-09,미드나잇 선,8.83
1870,2018-08-09,신비아파트: 금빛 도깨비와 비밀의 동굴,8.8
1871,2018-08-09,리틀 포레스트,8.74
1872,2018-08-09,바닷마을 다이어리,8.74
1873,2018-08-09,"부르고뉴, 와인에서 찾은 인생",8.71
1874,2018-08-09,블레이드 2,8.69
1875,2018-08-09,앤트맨과 와스프,8.67
1876,2018-08-09,건축학개론,8.65
1877,2018-08-09,걸어도 걸어도,8.64
1878,2018-08-09,안경,8.6
1879,2018-08-09,개들의 섬,8.6
1880,2018-08-09,미드나잇 인 파리,8.55
1881,2018-08-09,캐롤,8.53
1882,2018-08-09,시카리오: 데이 오브 솔다도,8.52
1883,2018-08-09,"오늘 밤, 로맨스 극장에서",8.51
1884,2018-08-09,이별의 아침에 약속의 꽃을 장식하자,8.47
1885,2018-08-09,명탐정 코난 : 감벽의 관,8.43
1886,2018-08-09,500일의 썸머,8.38
1887,2018-08-09,카모메 식당,8.37
1888,2018-08-09,마녀,8.2
1889,2018-08-09,노인을 위한 나라는 없다,8.17
1890,2018-08-09,나의 산티아고,8.13
1891,2018-08-09,스카이스크래퍼,8.13
1892,2018-08-09,고양이를 빌려드립니다,8.09
1893,2018-08-09,아이 엠 러브,7.94
1894,2018-08-09,파리로 가는 길,7.91
1895,2018-08-09,한여름의 판타지아,7.83
1896,2018-08-09,세 번째 살인,7.78
1897,2018-08-09,신과함께-인과 연,7.76
1898,2018-08-09,변산,7.73
1899,2018-08-09,독전,7.6
1900,2018-08-10,아일라,9.56
1901,2018-08-10,당갈,9.54
1902,2018-08-10,원더,9.42
1903,2018-08-10,레옹,9.37
1904,2018-08-10,동주,9.35
1905,2018-08-10,허스토리,9.35
1906,2018-08-10,명탐정 코난 : 제로의 집행인,9.31
1907,2018-08-10,인크레더블 2,9.27
1908,2018-08-10,극장판 헬로카봇 : 백악기 시대,9.25
1909,2018-08-10,어느 가족,9.24
1910,2018-08-10,맘마미아!2,9.17
1911,2018-08-10,사랑과 영혼,9.17
1912,2018-08-10,미션 임파서블: 폴아웃,9.15
1913,2018-08-10,눈길,9.13
1914,2018-08-10,어벤져스: 인피니티 워,8.96
1915,2018-08-10,바르다가 사랑한 얼굴들,8.92
1916,2018-08-10,소공녀,8.89
1917,2018-08-10,그렇게 아버지가 된다,8.83
1918,2018-08-10,미드나잇 선,8.83
1919,2018-08-10,몬스터 호텔 3,8.8
1920,2018-08-10,신비아파트: 금빛 도깨비와 비밀의 동굴,8.79
1921,2018-08-10,리틀 포레스트,8.74
1922,2018-08-10,바닷마을 다이어리,8.74
1923,2018-08-10,"부르고뉴, 와인에서 찾은 인생",8.71
1924,2018-08-10,블레이드 2,8.69
1925,2018-08-10,앤트맨과 와스프,8.67
1926,2018-08-10,건축학개론,8.65
1927,2018-08-10,걸어도 걸어도,8.64
1928,2018-08-10,안경,8.6
1929,2018-08-10,개들의 섬,8.59
1930,2018-08-10,캐롤,8.53
1931,2018-08-10,"오늘 밤, 로맨스 극장에서",8.51
1932,2018-08-10,시카리오: 데이 오브 솔다도,8.49
1933,2018-08-10,이별의 아침에 약속의 꽃을 장식하자,8.47
1934,2018-08-10,티파니에서 아침을,8.39
1935,2018-08-10,500일의 썸머,8.38
1936,2018-08-10,카모메 식당,8.37
1937,2018-08-10,마녀,8.2
1938,2018-08-10,노인을 위한 나라는 없다,8.17
1939,2018-08-10,원라인,8.17
1940,2018-08-10,나의 산티아고,8.13
1941,2018-08-10,고양이를 빌려드립니다,8.09
1942,2018-08-10,아이 엠 러브,7.93
1943,2018-08-10,파리로 가는 길,7.91
1944,2018-08-10,한여름의 판타지아,7.83
1945,2018-08-10,세 번째 살인,7.78
1946,2018-08-10,신과함께-인과 연,7.75
1947,2018-08-10,변산,7.73
1948,2018-08-10,독전,7.6
1949,2018-08-10,잉투기,7.53
1950,2018-08-11,아일라,9.56
1951,2018-08-11,당갈,9.54
1952,2018-08-11,레옹,9.37
1953,2018-08-11,동주,9.35
1954,2018-08-11,허스토리,9.35
1955,2018-08-11,명탐정 코난 : 제로의 집행인,9.32
1956,2018-08-11,인크레더블 2,9.27
1957,2018-08-11,극장판 헬로카봇 : 백악기 시대,9.25
1958,2018-08-11,어느 가족,9.24
1959,2018-08-11,맘마미아!2,9.17
1960,2018-08-11,사랑과 영혼,9.17
1961,2018-08-11,미션 임파서블: 폴아웃,9.15
1962,2018-08-11,눈길,9.13
1963,2018-08-11,어벤져스: 인피니티 워,8.96
1964,2018-08-11,바르다가 사랑한 얼굴들,8.92
1965,2018-08-11,소공녀,8.89
1966,2018-08-11,그렇게 아버지가 된다,8.83
1967,2018-08-11,미드나잇 선,8.83
1968,2018-08-11,몬스터 호텔 3,8.79
1969,2018-08-11,신비아파트: 금빛 도깨비와 비밀의 동굴,8.78
1970,2018-08-11,리틀 포레스트,8.74
1971,2018-08-11,바닷마을 다이어리,8.74
1972,2018-08-11,"부르고뉴, 와인에서 찾은 인생",8.71
1973,2018-08-11,블레이드 2,8.69
1974,2018-08-11,앤트맨과 와스프,8.67
1975,2018-08-11,건축학개론,8.65
1976,2018-08-11,걸어도 걸어도,8.64
1977,2018-08-11,안경,8.6
1978,2018-08-11,개들의 섬,8.59
1979,2018-08-11,캐롤,8.53
1980,2018-08-11,"오늘 밤, 로맨스 극장에서",8.52
1981,2018-08-11,시카리오: 데이 오브 솔다도,8.49
1982,2018-08-11,이별의 아침에 약속의 꽃을 장식하자,8.46
1983,2018-08-11,티파니에서 아침을,8.39
1984,2018-08-11,500일의 썸머,8.39
1985,2018-08-11,카모메 식당,8.37
1986,2018-08-11,마녀,8.2
1987,2018-08-11,노인을 위한 나라는 없다,8.18
1988,2018-08-11,원라인,8.17
1989,2018-08-11,나의 산티아고,8.13
1990,2018-08-11,고양이를 빌려드립니다,8.09
1991,2018-08-11,아이 엠 러브,7.92
1992,2018-08-11,파리로 가는 길,7.91
1993,2018-08-11,한여름의 판타지아,7.83
1994,2018-08-11,세 번째 살인,7.78
1995,2018-08-11,신과함께-인과 연,7.74
1996,2018-08-11,변산,7.72
1997,2018-08-11,독전,7.59
1998,2018-08-11,잉투기,7.53
1999,2018-08-11,콜 미 바이 유어 네임,7.53
2000,2018-08-12,아일라,9.55
2001,2018-08-12,당갈,9.54
2002,2018-08-12,레옹,9.37
2003,2018-08-12,허스토리,9.35
2004,2018-08-12,명탐정 코난 : 제로의 집행인,9.33
2005,2018-08-12,인크레더블 2,9.27
2006,2018-08-12,극장판 헬로카봇 : 백악기 시대,9.25
2007,2018-08-12,어느 가족,9.23
2008,2018-08-12,사랑과 영혼,9.17
2009,2018-08-12,미션 임파서블: 폴아웃,9.15
2010,2018-08-12,맘마미아!2,9.14
2011,2018-08-12,눈길,9.14
2012,2018-08-12,어벤져스: 인피니티 워,8.96
2013,2018-08-12,바르다가 사랑한 얼굴들,8.92
2014,2018-08-12,소공녀,8.89
2015,2018-08-12,그렇게 아버지가 된다,8.83
2016,2018-08-12,미드나잇 선,8.82
2017,2018-08-12,몬스터 호텔 3,8.79
2018,2018-08-12,신비아파트: 금빛 도깨비와 비밀의 동굴,8.77
2019,2018-08-12,바닷마을 다이어리,8.74
2020,2018-08-12,"부르고뉴, 와인에서 찾은 인생",8.71
2021,2018-08-12,블레이드 2,8.69
2022,2018-08-12,앤트맨과 와스프,8.67
2023,2018-08-12,건축학개론,8.65
2024,2018-08-12,걸어도 걸어도,8.64
2025,2018-08-12,안경,8.6
2026,2018-08-12,개들의 섬,8.59
2027,2018-08-12,캐롤,8.53
2028,2018-08-12,"오늘 밤, 로맨스 극장에서",8.51
2029,2018-08-12,시카리오: 데이 오브 솔다도,8.49
2030,2018-08-12,이별의 아침에 약속의 꽃을 장식하자,8.47
2031,2018-08-12,명탐정 코난 : 감벽의 관,8.42
2032,2018-08-12,티파니에서 아침을,8.39
2033,2018-08-12,500일의 썸머,8.39
2034,2018-08-12,카모메 식당,8.37
2035,2018-08-12,마녀,8.19
2036,2018-08-12,노인을 위한 나라는 없다,8.19
2037,2018-08-12,원라인,8.17
2038,2018-08-12,나의 산티아고,8.13
2039,2018-08-12,고양이를 빌려드립니다,8.09
2040,2018-08-12,파리로 가는 길,7.91
2041,2018-08-12,아이 엠 러브,7.9
2042,2018-08-12,한여름의 판타지아,7.83
2043,2018-08-12,세 번째 살인,7.78
2044,2018-08-12,신과함께-인과 연,7.74
2045,2018-08-12,변산,7.71
2046,2018-08-12,독전,7.59
2047,2018-08-12,잉투기,7.53
2048,2018-08-12,콜 미 바이 유어 네임,7.53
2049,2018-08-12,킬링 디어,7.24
2050,2018-08-13,아일라,9.54
2051,2018-08-13,당갈,9.54
2052,2018-08-13,허스토리,9.35
2053,2018-08-13,"지금, 만나러 갑니다",9.33
2054,2018-08-13,명탐정 코난 : 제로의 집행인,9.32
2055,2018-08-13,인크레더블 2,9.27
2056,2018-08-13,극장판 헬로카봇 : 백악기 시대,9.24
2057,2018-08-13,어느 가족,9.23
2058,2018-08-13,사랑과 영혼,9.17
2059,2018-08-13,미션 임파서블: 폴아웃,9.15
2060,2018-08-13,눈길,9.14
2061,2018-08-13,맘마미아!2,9.13
2062,2018-08-13,어벤져스: 인피니티 워,8.96
2063,2018-08-13,바르다가 사랑한 얼굴들,8.92
2064,2018-08-13,"알로, 슈티",8.9
2065,2018-08-13,소공녀,8.89
2066,2018-08-13,그렇게 아버지가 된다,8.83
2067,2018-08-13,미드나잇 선,8.82
2068,2018-08-13,신비아파트: 금빛 도깨비와 비밀의 동굴,8.77
2069,2018-08-13,바닷마을 다이어리,8.74
2070,2018-08-13,"부르고뉴, 와인에서 찾은 인생",8.71
2071,2018-08-13,몬스터 호텔 3,8.71
2072,2018-08-13,블레이드 2,8.69
2073,2018-08-13,앤트맨과 와스프,8.67
2074,2018-08-13,건축학개론,8.65
2075,2018-08-13,걸어도 걸어도,8.64
2076,2018-08-13,안경,8.6
2077,2018-08-13,개들의 섬,8.6
2078,2018-08-13,캐롤,8.53
2079,2018-08-13,"오늘 밤, 로맨스 극장에서",8.51
2080,2018-08-13,시카리오: 데이 오브 솔다도,8.49
2081,2018-08-13,이별의 아침에 약속의 꽃을 장식하자,8.48
2082,2018-08-13,맘마미아!,8.44
2083,2018-08-13,명탐정 코난 : 감벽의 관,8.42
2084,2018-08-13,티파니에서 아침을,8.39
2085,2018-08-13,500일의 썸머,8.39
2086,2018-08-13,카모메 식당,8.37
2087,2018-08-13,마녀,8.2
2088,2018-08-13,노인을 위한 나라는 없다,8.19
2089,2018-08-13,나의 산티아고,8.13
2090,2018-08-13,고양이를 빌려드립니다,8.09
2091,2018-08-13,스카이스크래퍼,7.97
2092,2018-08-13,아이 엠 러브,7.9
2093,2018-08-13,파리로 가는 길,7.9
2094,2018-08-13,한여름의 판타지아,7.83
2095,2018-08-13,세 번째 살인,7.78
2096,2018-08-13,신과함께-인과 연,7.73
2097,2018-08-13,변산,7.7
2098,2018-08-13,독전,7.59
2099,2018-08-13,잉투기,7.53
2100,2018-08-14,당갈,9.53
2101,2018-08-14,아일라,9.53
2102,2018-08-14,허스토리,9.35
2103,2018-08-14,"지금, 만나러 갑니다",9.33
2104,2018-08-14,명탐정 코난 : 제로의 집행인,9.3
2105,2018-08-14,인크레더블 2,9.27
2106,2018-08-14,극장판 헬로카봇 : 백악기 시대,9.24
2107,2018-08-14,어느 가족,9.23
2108,2018-08-14,미션 임파서블: 폴아웃,9.15
2109,2018-08-14,눈길,9.14
2110,2018-08-14,맘마미아!2,9.1
2111,2018-08-14,러브 오브 시베리아,9.02
2112,2018-08-14,어벤져스: 인피니티 워,8.96
2113,2018-08-14,바르다가 사랑한 얼굴들,8.92
2114,2018-08-14,"알로, 슈티",8.9
2115,2018-08-14,소공녀,8.89
2116,2018-08-14,미드나잇 선,8.82
2117,2018-08-14,신비아파트: 금빛 도깨비와 비밀의 동굴,8.78
2118,2018-08-14,바닷마을 다이어리,8.74
2119,2018-08-14,"부르고뉴, 와인에서 찾은 인생",8.71
2120,2018-08-14,몬스터 호텔 3,8.7
2121,2018-08-14,블레이드 2,8.69
2122,2018-08-14,앤트맨과 와스프,8.67
2123,2018-08-14,건축학개론,8.65
2124,2018-08-14,걸어도 걸어도,8.64
2125,2018-08-14,안경,8.6
2126,2018-08-14,개들의 섬,8.56
2127,2018-08-14,캐롤,8.53
2128,2018-08-14,"오늘 밤, 로맨스 극장에서",8.5
2129,2018-08-14,이별의 아침에 약속의 꽃을 장식하자,8.48
2130,2018-08-14,시카리오: 데이 오브 솔다도,8.48
2131,2018-08-14,맘마미아!,8.44
2132,2018-08-14,티파니에서 아침을,8.39
2133,2018-08-14,500일의 썸머,8.39
2134,2018-08-14,카모메 식당,8.37
2135,2018-08-14,마녀,8.2
2136,2018-08-14,노인을 위한 나라는 없다,8.19
2137,2018-08-14,나의 산티아고,8.13
2138,2018-08-14,고양이를 빌려드립니다,8.09
2139,2018-08-14,스카이스크래퍼,7.93
2140,2018-08-14,아이 엠 러브,7.91
2141,2018-08-14,파리로 가는 길,7.9
2142,2018-08-14,한여름의 판타지아,7.83
2143,2018-08-14,세 번째 살인,7.78
2144,2018-08-14,신과함께-인과 연,7.73
2145,2018-08-14,변산,7.7
2146,2018-08-14,독전,7.59
2147,2018-08-14,콜 미 바이 유어 네임,7.53
2148,2018-08-14,잉투기,7.53
2149,2018-08-14,킬링 디어,7.22
2150,2018-08-15,당갈,9.53
2151,2018-08-15,아일라,9.52
2152,2018-08-15,허스토리,9.35
2153,2018-08-15,"지금, 만나러 갑니다",9.33
2154,2018-08-15,명탐정 코난 : 제로의 집행인,9.29
2155,2018-08-15,인크레더블 2,9.27
2156,2018-08-15,극장판 헬로카봇 : 백악기 시대,9.25
2157,2018-08-15,어느 가족,9.23
2158,2018-08-15,눈길,9.15
2159,2018-08-15,미션 임파서블: 폴아웃,9.15
2160,2018-08-15,맘마미아!2,9.1
2161,2018-08-15,레이,9.04
2162,2018-08-15,러브 오브 시베리아,9.02
2163,2018-08-15,어벤져스: 인피니티 워,8.96
2164,2018-08-15,바르다가 사랑한 얼굴들,8.93
2165,2018-08-15,소공녀,8.89
2166,2018-08-15,미드나잇 선,8.81
2167,2018-08-15,신비아파트: 금빛 도깨비와 비밀의 동굴,8.78
2168,2018-08-15,바닷마을 다이어리,8.74
2169,2018-08-15,"부르고뉴, 와인에서 찾은 인생",8.71
2170,2018-08-15,블레이드 2,8.69
2171,2018-08-15,앤트맨과 와스프,8.67
2172,2018-08-15,몬스터 호텔 3,8.67
2173,2018-08-15,건축학개론,8.65
2174,2018-08-15,걸어도 걸어도,8.64
2175,2018-08-15,안경,8.6
2176,2018-08-15,개들의 섬,8.56
2177,2018-08-15,캐롤,8.53
2178,2018-08-15,"오늘 밤, 로맨스 극장에서",8.5
2179,2018-08-15,시카리오: 데이 오브 솔다도,8.48
2180,2018-08-15,이별의 아침에 약속의 꽃을 장식하자,8.47
2181,2018-08-15,맘마미아!,8.44
2182,2018-08-15,티파니에서 아침을,8.39
2183,2018-08-15,500일의 썸머,8.39
2184,2018-08-15,카모메 식당,8.37
2185,2018-08-15,노인을 위한 나라는 없다,8.2
2186,2018-08-15,마녀,8.19
2187,2018-08-15,나의 산티아고,8.13
2188,2018-08-15,고양이를 빌려드립니다,8.09
2189,2018-08-15,아이 엠 러브,7.93
2190,2018-08-15,파리로 가는 길,7.9
2191,2018-08-15,스카이스크래퍼,7.9
2192,2018-08-15,한여름의 판타지아,7.83
2193,2018-08-15,세 번째 살인,7.78
2194,2018-08-15,신과함께-인과 연,7.73
2195,2018-08-15,독전,7.58
2196,2018-08-15,콜 미 바이 유어 네임,7.54
2197,2018-08-15,메가로돈,7.24
2198,2018-08-15,킬링 디어,7.2
2199,2018-08-15,공작,6.85
2200,2018-08-16,당갈,9.53
2201,2018-08-16,아일라,9.52
2202,2018-08-16,허스토리,9.35
2203,2018-08-16,"지금, 만나러 갑니다",9.33
2204,2018-08-16,명탐정 코난 : 제로의 집행인,9.31
2205,2018-08-16,인크레더블 2,9.27
2206,2018-08-16,극장판 헬로카봇 : 백악기 시대,9.24
2207,2018-08-16,어느 가족,9.22
2208,2018-08-16,눈길,9.15
2209,2018-08-16,미션 임파서블: 폴아웃,9.15
2210,2018-08-16,맘마미아!2,9.1
2211,2018-08-16,레이,9.04
2212,2018-08-16,러브 오브 시베리아,9.02
2213,2018-08-16,어벤져스: 인피니티 워,8.96
2214,2018-08-16,바르다가 사랑한 얼굴들,8.93
2215,2018-08-16,소공녀,8.89
2216,2018-08-16,신비아파트: 금빛 도깨비와 비밀의 동굴,8.77
2217,2018-08-16,바닷마을 다이어리,8.74
2218,2018-08-16,"부르고뉴, 와인에서 찾은 인생",8.71
2219,2018-08-16,블레이드 2,8.69
2220,2018-08-16,앤트맨과 와스프,8.67
2221,2018-08-16,몬스터 호텔 3,8.66
2222,2018-08-16,건축학개론,8.65
2223,2018-08-16,걸어도 걸어도,8.64
2224,2018-08-16,안경,8.6
2225,2018-08-16,개들의 섬,8.56
2226,2018-08-16,캐롤,8.53
2227,2018-08-16,"오늘 밤, 로맨스 극장에서",8.49
2228,2018-08-16,시카리오: 데이 오브 솔다도,8.48
2229,2018-08-16,이별의 아침에 약속의 꽃을 장식하자,8.47
2230,2018-08-16,신은 죽지 않았다 3: 어둠 속의 빛,8.42
2231,2018-08-16,티파니에서 아침을,8.39
2232,2018-08-16,500일의 썸머,8.39
2233,2018-08-16,카모메 식당,8.37
2234,2018-08-16,노인을 위한 나라는 없다,8.2
2235,2018-08-16,마녀,8.19
2236,2018-08-16,나의 산티아고,8.13
2237,2018-08-16,고양이를 빌려드립니다,8.09
2238,2018-08-16,아이 엠 러브,7.93
2239,2018-08-16,파리로 가는 길,7.9
2240,2018-08-16,스카이스크래퍼,7.88
2241,2018-08-16,한여름의 판타지아,7.83
2242,2018-08-16,세 번째 살인,7.78
2243,2018-08-16,신과함께-인과 연,7.73
2244,2018-08-16,독전,7.58
2245,2018-08-16,콜 미 바이 유어 네임,7.54
2246,2018-08-16,킬링 디어,7.18
2247,2018-08-16,메가로돈,7.17
2248,2018-08-16,공작,6.84
2249,2018-08-16,"안녕, 나의 소녀",6.57
2250,2018-08-17,당갈,9.53
2251,2018-08-17,아일라,9.52
2252,2018-08-17,허스토리,9.35
2253,2018-08-17,"지금, 만나러 갑니다",9.34
2254,2018-08-17,명탐정 코난 : 제로의 집행인,9.3
2255,2018-08-17,인크레더블 2,9.27
2256,2018-08-17,극장판 헬로카봇 : 백악기 시대,9.24
2257,2018-08-17,어느 가족,9.21
2258,2018-08-17,눈길,9.15
2259,2018-08-17,미션 임파서블: 폴아웃,9.15
2260,2018-08-17,맘마미아!2,9.09
2261,2018-08-17,레이,9.04
2262,2018-08-17,러브 오브 시베리아,9.02
2263,2018-08-17,어벤져스: 인피니티 워,8.96
2264,2018-08-17,바르다가 사랑한 얼굴들,8.94
2265,2018-08-17,소공녀,8.89
2266,2018-08-17,신비아파트: 금빛 도깨비와 비밀의 동굴,8.77
2267,2018-08-17,바닷마을 다이어리,8.74
2268,2018-08-17,"부르고뉴, 와인에서 찾은 인생",8.71
2269,2018-08-17,블레이드 2,8.69
2270,2018-08-17,앤트맨과 와스프,8.67
2271,2018-08-17,몬스터 호텔 3,8.65
2272,2018-08-17,건축학개론,8.65
2273,2018-08-17,걸어도 걸어도,8.64
2274,2018-08-17,안경,8.6
2275,2018-08-17,캐롤,8.53
2276,2018-08-17,신은 죽지 않았다 3: 어둠 속의 빛,8.5
2277,2018-08-17,"오늘 밤, 로맨스 극장에서",8.5
2278,2018-08-17,시카리오: 데이 오브 솔다도,8.48
2279,2018-08-17,이별의 아침에 약속의 꽃을 장식하자,8.47
2280,2018-08-17,500일의 썸머,8.39
2281,2018-08-17,카모메 식당,8.37
2282,2018-08-17,노인을 위한 나라는 없다,8.19
2283,2018-08-17,마녀,8.19
2284,2018-08-17,나의 산티아고,8.13
2285,2018-08-17,고양이를 빌려드립니다,8.09
2286,2018-08-17,아이 엠 러브,7.95
2287,2018-08-17,파리로 가는 길,7.9
2288,2018-08-17,스카이스크래퍼,7.88
2289,2018-08-17,한여름의 판타지아,7.83
2290,2018-08-17,세 번째 살인,7.78
2291,2018-08-17,신과함께-인과 연,7.73
2292,2018-08-17,독전,7.58
2293,2018-08-17,콜 미 바이 유어 네임,7.54
2294,2018-08-17,킬링 디어,7.17
2295,2018-08-17,메가로돈,7.13
2296,2018-08-17,공작,6.8
2297,2018-08-17,"안녕, 나의 소녀",6.57
2298,2018-08-17,비밀은 없다,6.51
2299,2018-08-17,목격자,6.23
2300,2018-08-18,당갈,9.53
2301,2018-08-18,허스토리,9.35
2302,2018-08-18,"지금, 만나러 갑니다",9.34
2303,2018-08-18,명탐정 코난 : 제로의 집행인,9.3
2304,2018-08-18,인크레더블 2,9.27
2305,2018-08-18,극장판 헬로카봇 : 백악기 시대,9.24
2306,2018-08-18,어느 가족,9.22
2307,2018-08-18,눈길,9.15
2308,2018-08-18,미션 임파서블: 폴아웃,9.15
2309,2018-08-18,맘마미아!2,9.1
2310,2018-08-18,레이,9.04
2311,2018-08-18,러브 오브 시베리아,9.02
2312,2018-08-18,어벤져스: 인피니티 워,8.96
2313,2018-08-18,바르다가 사랑한 얼굴들,8.93
2314,2018-08-18,소공녀,8.89
2315,2018-08-18,신비아파트: 금빛 도깨비와 비밀의 동굴,8.76
2316,2018-08-18,바닷마을 다이어리,8.74
2317,2018-08-18,"부르고뉴, 와인에서 찾은 인생",8.71
2318,2018-08-18,블레이드 2,8.69
2319,2018-08-18,앤트맨과 와스프,8.67
2320,2018-08-18,건축학개론,8.65
2321,2018-08-18,몬스터 호텔 3,8.64
2322,2018-08-18,걸어도 걸어도,8.64
2323,2018-08-18,안경,8.6
2324,2018-08-18,캐롤,8.53
2325,2018-08-18,"오늘 밤, 로맨스 극장에서",8.5
2326,2018-08-18,이별의 아침에 약속의 꽃을 장식하자,8.49
2327,2018-08-18,신은 죽지 않았다 3: 어둠 속의 빛,8.49
2328,2018-08-18,시카리오: 데이 오브 솔다도,8.48
2329,2018-08-18,500일의 썸머,8.39
2330,2018-08-18,카모메 식당,8.37
2331,2018-08-18,마녀,8.19
2332,2018-08-18,노인을 위한 나라는 없다,8.19
2333,2018-08-18,나의 산티아고,8.13
2334,2018-08-18,고양이를 빌려드립니다,8.09
2335,2018-08-18,아이 엠 러브,7.94
2336,2018-08-18,파리로 가는 길,7.9
2337,2018-08-18,스카이스크래퍼,7.87
2338,2018-08-18,한여름의 판타지아,7.83
2339,2018-08-18,세 번째 살인,7.77
2340,2018-08-18,신과함께-인과 연,7.73
2341,2018-08-18,독전,7.58
2342,2018-08-18,콜 미 바이 유어 네임,7.54
2343,2018-08-18,킬링 디어,7.19
2344,2018-08-18,메가로돈,6.95
2345,2018-08-18,공작,6.81
2346,2018-08-18,"안녕, 나의 소녀",6.57
2347,2018-08-18,목격자,6.07
2348,2018-08-18,인랑,3.87
2349,2018-08-19,당갈,9.53
2350,2018-08-19,허스토리,9.36
2351,2018-08-19,"지금, 만나러 갑니다",9.34
2352,2018-08-19,명탐정 코난 : 제로의 집행인,9.29
2353,2018-08-19,인크레더블 2,9.27
2354,2018-08-19,극장판 헬로카봇 : 백악기 시대,9.24
2355,2018-08-19,어느 가족,9.22
2356,2018-08-19,눈길,9.15
2357,2018-08-19,미션 임파서블: 폴아웃,9.14
2358,2018-08-19,맘마미아!2,9.08
2359,2018-08-19,레이,9.04
2360,2018-08-19,러브 오브 시베리아,9.02
2361,2018-08-19,어벤져스: 인피니티 워,8.95
2362,2018-08-19,바르다가 사랑한 얼굴들,8.92
2363,2018-08-19,소공녀,8.89
2364,2018-08-19,신비아파트: 금빛 도깨비와 비밀의 동굴,8.76
2365,2018-08-19,바닷마을 다이어리,8.74
2366,2018-08-19,"부르고뉴, 와인에서 찾은 인생",8.71
2367,2018-08-19,블레이드 2,8.69
2368,2018-08-19,앤트맨과 와스프,8.67
2369,2018-08-19,걸어도 걸어도,8.64
2370,2018-08-19,몬스터 호텔 3,8.62
2371,2018-08-19,안경,8.6
2372,2018-08-19,캐롤,8.53
2373,2018-08-19,신은 죽지 않았다 3: 어둠 속의 빛,8.5
2374,2018-08-19,이별의 아침에 약속의 꽃을 장식하자,8.48
2375,2018-08-19,시카리오: 데이 오브 솔다도,8.48
2376,2018-08-19,"오늘 밤, 로맨스 극장에서",8.46
2377,2018-08-19,500일의 썸머,8.39
2378,2018-08-19,카모메 식당,8.37
2379,2018-08-19,노인을 위한 나라는 없다,8.19
2380,2018-08-19,마녀,8.19
2381,2018-08-19,나의 산티아고,8.13
2382,2018-08-19,고양이를 빌려드립니다,8.08
2383,2018-08-19,아이 엠 러브,7.94
2384,2018-08-19,파리로 가는 길,7.9
2385,2018-08-19,스카이스크래퍼,7.84
2386,2018-08-19,한여름의 판타지아,7.83
2387,2018-08-19,세 번째 살인,7.77
2388,2018-08-19,신과함께-인과 연,7.73
2389,2018-08-19,독전,7.58
2390,2018-08-19,콜 미 바이 유어 네임,7.55
2391,2018-08-19,킬링 디어,7.17
2392,2018-08-19,메가로돈,6.88
2393,2018-08-19,공작,6.83
2394,2018-08-19,"안녕, 나의 소녀",6.57
2395,2018-08-19,목격자,5.9
2396,2018-08-19,인랑,3.87
2397,2018-08-20,당갈,9.53
2398,2018-08-20,허스토리,9.35
2399,2018-08-20,"지금, 만나러 갑니다",9.34
2400,2018-08-20,명탐정 코난 : 제로의 집행인,9.29
2401,2018-08-20,인크레더블 2,9.27
2402,2018-08-20,극장판 헬로카봇 : 백악기 시대,9.24
2403,2018-08-20,어느 가족,9.22
2404,2018-08-20,눈길,9.15
2405,2018-08-20,미션 임파서블: 폴아웃,9.15
2406,2018-08-20,맘마미아!2,9.09
2407,2018-08-20,러브 오브 시베리아,9.02
2408,2018-08-20,어벤져스: 인피니티 워,8.95
2409,2018-08-20,바르다가 사랑한 얼굴들,8.9
2410,2018-08-20,소공녀,8.89
2411,2018-08-20,극장판 도라에몽: 진구의 보물섬,8.82
2412,2018-08-20,신비아파트: 금빛 도깨비와 비밀의 동굴,8.76
2413,2018-08-20,바닷마을 다이어리,8.74
2414,2018-08-20,"부르고뉴, 와인에서 찾은 인생",8.72
2415,2018-08-20,블레이드 2,8.69
2416,2018-08-20,앤트맨과 와스프,8.66
2417,2018-08-20,걸어도 걸어도,8.64
2418,2018-08-20,몬스터 호텔 3,8.62
2419,2018-08-20,안경,8.6
2420,2018-08-20,캐롤,8.53
2421,2018-08-20,신은 죽지 않았다 3: 어둠 속의 빛,8.51
2422,2018-08-20,시카리오: 데이 오브 솔다도,8.48
2423,2018-08-20,이별의 아침에 약속의 꽃을 장식하자,8.46
2424,2018-08-20,"오늘 밤, 로맨스 극장에서",8.46
2425,2018-08-20,500일의 썸머,8.39
2426,2018-08-20,카모메 식당,8.37
2427,2018-08-20,노인을 위한 나라는 없다,8.2
2428,2018-08-20,마녀,8.19
2429,2018-08-20,나의 산티아고,8.13
2430,2018-08-20,고양이를 빌려드립니다,8.08
2431,2018-08-20,아이 엠 러브,7.93
2432,2018-08-20,파리로 가는 길,7.9
2433,2018-08-20,한여름의 판타지아,7.83
2434,2018-08-20,스카이스크래퍼,7.83
2435,2018-08-20,세 번째 살인,7.77
2436,2018-08-20,신과함께-인과 연,7.73
2437,2018-08-20,독전,7.58
2438,2018-08-20,콜 미 바이 유어 네임,7.55
2439,2018-08-20,킬링 디어,7.17
2440,2018-08-20,메가로돈,6.85
2441,2018-08-20,공작,6.84
2442,2018-08-20,"안녕, 나의 소녀",6.57
2443,2018-08-20,목격자,5.86
2444,2018-08-20,인랑,3.87
2445,2018-08-21,당갈,9.52
2446,2018-08-21,허스토리,9.35
2447,2018-08-21,"지금, 만나러 갑니다",9.34
2448,2018-08-21,명탐정 코난 : 제로의 집행인,9.28
2449,2018-08-21,인크레더블 2,9.27
2450,2018-08-21,극장판 헬로카봇 : 백악기 시대,9.25
2451,2018-08-21,어느 가족,9.23
2452,2018-08-21,러빙 빈센트,9.19
2453,2018-08-21,내 사랑,9.18
2454,2018-08-21,눈길,9.15
2455,2018-08-21,미션 임파서블: 폴아웃,9.14
2456,2018-08-21,맘마미아!2,9.09
2457,2018-08-21,어벤져스: 인피니티 워,8.95
2458,2018-08-21,바르다가 사랑한 얼굴들,8.91
2459,2018-08-21,소공녀,8.89
2460,2018-08-21,극장판 도라에몽: 진구의 보물섬,8.82
2461,2018-08-21,신비아파트: 금빛 도깨비와 비밀의 동굴,8.77
2462,2018-08-21,바닷마을 다이어리,8.74
2463,2018-08-21,"부르고뉴, 와인에서 찾은 인생",8.72
2464,2018-08-21,블레이드 2,8.69
2465,2018-08-21,앤트맨과 와스프,8.66
2466,2018-08-21,걸어도 걸어도,8.64
2467,2018-08-21,몬스터 호텔 3,8.62
2468,2018-08-21,안경,8.6
2469,2018-08-21,캐롤,8.53
2470,2018-08-21,신은 죽지 않았다 3: 어둠 속의 빛,8.49
2471,2018-08-21,시카리오: 데이 오브 솔다도,8.47
2472,2018-08-21,이별의 아침에 약속의 꽃을 장식하자,8.47
2473,2018-08-21,"오늘 밤, 로맨스 극장에서",8.46
2474,2018-08-21,500일의 썸머,8.39
2475,2018-08-21,카모메 식당,8.37
2476,2018-08-21,노인을 위한 나라는 없다,8.2
2477,2018-08-21,마녀,8.2
2478,2018-08-21,나의 산티아고,8.13
2479,2018-08-21,고양이를 빌려드립니다,8.08
2480,2018-08-21,아이 엠 러브,7.91
2481,2018-08-21,파리로 가는 길,7.9
2482,2018-08-21,한여름의 판타지아,7.83
2483,2018-08-21,세 번째 살인,7.77
2484,2018-08-21,신과함께-인과 연,7.73
2485,2018-08-21,독전,7.58
2486,2018-08-21,콜 미 바이 유어 네임,7.55
2487,2018-08-21,킬링 디어,7.18
2488,2018-08-21,공작,6.85
2489,2018-08-21,메가로돈,6.8
2490,2018-08-21,"안녕, 나의 소녀",6.57
2491,2018-08-21,목격자,5.8
2492,2018-08-21,인랑,3.87
2493,2018-08-22,당갈,9.52
2494,2018-08-22,허스토리,9.35
2495,2018-08-22,다시 태어나도 우리,9.34
2496,2018-08-22,"지금, 만나러 갑니다",9.34
2497,2018-08-22,명탐정 코난 : 제로의 집행인,9.27
2498,2018-08-22,인크레더블 2,9.27
2499,2018-08-22,극장판 헬로카봇 : 백악기 시대,9.24
2500,2018-08-22,어느 가족,9.23
2501,2018-08-22,러빙 빈센트,9.19
2502,2018-08-22,내 사랑,9.18
2503,2018-08-22,미션 임파서블: 폴아웃,9.15
2504,2018-08-22,너의 결혼식,9.12
2505,2018-08-22,맘마미아!2,9.09
2506,2018-08-22,어벤져스: 인피니티 워,8.95
2507,2018-08-22,바르다가 사랑한 얼굴들,8.91
2508,2018-08-22,소공녀,8.89
2509,2018-08-22,극장판 도라에몽: 진구의 보물섬,8.78
2510,2018-08-22,신비아파트: 금빛 도깨비와 비밀의 동굴,8.77
2511,2018-08-22,바닷마을 다이어리,8.74
2512,2018-08-22,"부르고뉴, 와인에서 찾은 인생",8.7
2513,2018-08-22,블레이드 2,8.69
2514,2018-08-22,앤트맨과 와스프,8.66
2515,2018-08-22,걸어도 걸어도,8.64
2516,2018-08-22,몬스터 호텔 3,8.62
2517,2018-08-22,안경,8.6
2518,2018-08-22,캐롤,8.53
2519,2018-08-22,시카리오: 데이 오브 솔다도,8.48
2520,2018-08-22,신은 죽지 않았다 3: 어둠 속의 빛,8.48
2521,2018-08-22,이별의 아침에 약속의 꽃을 장식하자,8.45
2522,2018-08-22,500일의 썸머,8.39
2523,2018-08-22,카모메 식당,8.37
2524,2018-08-22,노인을 위한 나라는 없다,8.2
2525,2018-08-22,나의 산티아고,8.13
2526,2018-08-22,고양이를 빌려드립니다,8.08
2527,2018-08-22,아이 엠 러브,7.91
2528,2018-08-22,파리로 가는 길,7.9
2529,2018-08-22,한여름의 판타지아,7.83
2530,2018-08-22,스카이스크래퍼,7.82
2531,2018-08-22,세 번째 살인,7.77
2532,2018-08-22,신과함께-인과 연,7.73
2533,2018-08-22,독전,7.58
2534,2018-08-22,콜 미 바이 유어 네임,7.55
2535,2018-08-22,킬링 디어,7.17
2536,2018-08-22,공작,6.84
2537,2018-08-22,메가로돈,6.78
2538,2018-08-22,"안녕, 나의 소녀",6.57
2539,2018-08-22,목격자,5.76
2540,2018-08-22,인랑,3.86
2541,2018-08-23,당갈,9.52
2542,2018-08-23,허스토리,9.35
2543,2018-08-23,"지금, 만나러 갑니다",9.34
2544,2018-08-23,인크레더블 2,9.27
2545,2018-08-23,명탐정 코난 : 제로의 집행인,9.26
2546,2018-08-23,극장판 헬로카봇 : 백악기 시대,9.24
2547,2018-08-23,어느 가족,9.23
2548,2018-08-23,러빙 빈센트,9.19
2549,2018-08-23,내 사랑,9.18
2550,2018-08-23,미션 임파서블: 폴아웃,9.15
2551,2018-08-23,너의 결혼식,9.13
2552,2018-08-23,맘마미아!2,9.09
2553,2018-08-23,어벤져스: 인피니티 워,8.95
2554,2018-08-23,바르다가 사랑한 얼굴들,8.91
2555,2018-08-23,소공녀,8.89
2556,2018-08-23,극장판 도라에몽: 진구의 보물섬,8.77
2557,2018-08-23,신비아파트: 금빛 도깨비와 비밀의 동굴,8.76
2558,2018-08-23,바닷마을 다이어리,8.74
2559,2018-08-23,"부르고뉴, 와인에서 찾은 인생",8.7
2560,2018-08-23,블레이드 2,8.69
2561,2018-08-23,앤트맨과 와스프,8.66
2562,2018-08-23,걸어도 걸어도,8.64
2563,2018-08-23,몬스터 호텔 3,8.62
2564,2018-08-23,안경,8.6
2565,2018-08-23,캐롤,8.53
2566,2018-08-23,시카리오: 데이 오브 솔다도,8.48
2567,2018-08-23,이별의 아침에 약속의 꽃을 장식하자,8.46
2568,2018-08-23,신은 죽지 않았다 3: 어둠 속의 빛,8.43
2569,2018-08-23,500일의 썸머,8.39
2570,2018-08-23,카모메 식당,8.37
2571,2018-08-23,노인을 위한 나라는 없다,8.2
2572,2018-08-23,나의 산티아고,8.13
2573,2018-08-23,고양이를 빌려드립니다,8.08
2574,2018-08-23,아이 엠 러브,7.9
2575,2018-08-23,파리로 가는 길,7.9
2576,2018-08-23,한여름의 판타지아,7.83
2577,2018-08-23,스카이스크래퍼,7.82
2578,2018-08-23,세 번째 살인,7.77
2579,2018-08-23,신과함께-인과 연,7.73
2580,2018-08-23,독전,7.58
2581,2018-08-23,콜 미 바이 유어 네임,7.55
2582,2018-08-23,킬링 디어,7.17
2583,2018-08-23,공작,6.84
2584,2018-08-23,메가로돈,6.77
2585,2018-08-23,"안녕, 나의 소녀",6.57
2586,2018-08-23,목격자,5.74
2587,2018-08-23,인랑,3.87
2588,2018-08-24,당갈,9.52
2589,2018-08-24,허스토리,9.35
2590,2018-08-24,"지금, 만나러 갑니다",9.34
2591,2018-08-24,인크레더블 2,9.27
2592,2018-08-24,명탐정 코난 : 제로의 집행인,9.26
2593,2018-08-24,극장판 헬로카봇 : 백악기 시대,9.24
2594,2018-08-24,어느 가족,9.23
2595,2018-08-24,러빙 빈센트,9.19
2596,2018-08-24,내 사랑,9.17
2597,2018-08-24,미션 임파서블: 폴아웃,9.14
2598,2018-08-24,맘마미아!2,9.08
2599,2018-08-24,너의 결혼식,9.06
2600,2018-08-24,파리넬리,9.05
2601,2018-08-24,어벤져스: 인피니티 워,8.95
2602,2018-08-24,5일의 마중,8.94
2603,2018-08-24,바르다가 사랑한 얼굴들,8.91
2604,2018-08-24,소공녀,8.89
2605,2018-08-24,극장판 도라에몽: 진구의 보물섬,8.76
2606,2018-08-24,신비아파트: 금빛 도깨비와 비밀의 동굴,8.76
2607,2018-08-24,바닷마을 다이어리,8.74
2608,2018-08-24,"부르고뉴, 와인에서 찾은 인생",8.7
2609,2018-08-24,블레이드 2,8.69
2610,2018-08-24,앤트맨과 와스프,8.66
2611,2018-08-24,걸어도 걸어도,8.64
2612,2018-08-24,몬스터 호텔 3,8.61
2613,2018-08-24,안경,8.6
2614,2018-08-24,캐롤,8.53
2615,2018-08-24,시카리오: 데이 오브 솔다도,8.48
2616,2018-08-24,이별의 아침에 약속의 꽃을 장식하자,8.46
2617,2018-08-24,500일의 썸머,8.39
2618,2018-08-24,카모메 식당,8.37
2619,2018-08-24,신은 죽지 않았다 3: 어둠 속의 빛,8.37
2620,2018-08-24,노인을 위한 나라는 없다,8.2
2621,2018-08-24,고양이를 빌려드립니다,8.08
2622,2018-08-24,파리로 가는 길,7.9
2623,2018-08-24,아이 엠 러브,7.9
2624,2018-08-24,한여름의 판타지아,7.83
2625,2018-08-24,세 번째 살인,7.77
2626,2018-08-24,신과함께-인과 연,7.73
2627,2018-08-24,독전,7.58
2628,2018-08-24,콜 미 바이 유어 네임,7.55
2629,2018-08-24,킬링 디어,7.17
2630,2018-08-24,공작,6.85
2631,2018-08-24,메가로돈,6.75
2632,2018-08-24,"안녕, 나의 소녀",6.57
2633,2018-08-24,목격자,5.71
2634,2018-08-24,인랑,3.87
2635,2018-08-25,당갈,9.52
2636,2018-08-25,허스토리,9.35
2637,2018-08-25,"지금, 만나러 갑니다",9.34
2638,2018-08-25,인크레더블 2,9.27
2639,2018-08-25,명탐정 코난 : 제로의 집행인,9.25
2640,2018-08-25,극장판 헬로카봇 : 백악기 시대,9.24
2641,2018-08-25,어느 가족,9.23
2642,2018-08-25,러빙 빈센트,9.19
2643,2018-08-25,내 사랑,9.17
2644,2018-08-25,미션 임파서블: 폴아웃,9.14
2645,2018-08-25,맘마미아!2,9.08
2646,2018-08-25,파리넬리,9.05
2647,2018-08-25,너의 결혼식,9.01
2648,2018-08-25,어벤져스: 인피니티 워,8.96
2649,2018-08-25,5일의 마중,8.94
2650,2018-08-25,바르다가 사랑한 얼굴들,8.91
2651,2018-08-25,소공녀,8.89
2652,2018-08-25,신비아파트: 금빛 도깨비와 비밀의 동굴,8.77
2653,2018-08-25,극장판 도라에몽: 진구의 보물섬,8.75
2654,2018-08-25,바닷마을 다이어리,8.74
2655,2018-08-25,"부르고뉴, 와인에서 찾은 인생",8.7
2656,2018-08-25,앤트맨과 와스프,8.66
2657,2018-08-25,걸어도 걸어도,8.64
2658,2018-08-25,몬스터 호텔 3,8.61
2659,2018-08-25,안경,8.6
2660,2018-08-25,아비정전,8.51
2661,2018-08-25,시카리오: 데이 오브 솔다도,8.48
2662,2018-08-25,이별의 아침에 약속의 꽃을 장식하자,8.47
2663,2018-08-25,나를 차버린 스파이,8.43
2664,2018-08-25,500일의 썸머,8.38
2665,2018-08-25,카모메 식당,8.37
2666,2018-08-25,신은 죽지 않았다 3: 어둠 속의 빛,8.36
2667,2018-08-25,노인을 위한 나라는 없다,8.2
2668,2018-08-25,고양이를 빌려드립니다,8.08
2669,2018-08-25,파리로 가는 길,7.9
2670,2018-08-25,아이 엠 러브,7.9
2671,2018-08-25,한여름의 판타지아,7.83
2672,2018-08-25,세 번째 살인,7.78
2673,2018-08-25,신과함께-인과 연,7.73
2674,2018-08-25,독전,7.58
2675,2018-08-25,콜 미 바이 유어 네임,7.55
2676,2018-08-25,킬링 디어,7.18
2677,2018-08-25,공작,6.85
2678,2018-08-25,메가로돈,6.75
2679,2018-08-25,목격자,5.68
2680,2018-08-25,인랑,3.87
2681,2018-08-26,당갈,9.52
2682,2018-08-26,허스토리,9.35
2683,2018-08-26,"지금, 만나러 갑니다",9.34
2684,2018-08-26,인크레더블 2,9.27
2685,2018-08-26,극장판 헬로카봇 : 백악기 시대,9.24
2686,2018-08-26,명탐정 코난 : 제로의 집행인,9.23
2687,2018-08-26,어느 가족,9.23
2688,2018-08-26,러빙 빈센트,9.19
2689,2018-08-26,내 사랑,9.17
2690,2018-08-26,미션 임파서블: 폴아웃,9.14
2691,2018-08-26,맘마미아!2,9.08
2692,2018-08-26,파리넬리,9.05
2693,2018-08-26,너의 결혼식,8.97
2694,2018-08-26,어벤져스: 인피니티 워,8.95
2695,2018-08-26,5일의 마중,8.94
2696,2018-08-26,바르다가 사랑한 얼굴들,8.91
2697,2018-08-26,소공녀,8.88
2698,2018-08-26,극장판 도라에몽: 진구의 보물섬,8.77
2699,2018-08-26,신비아파트: 금빛 도깨비와 비밀의 동굴,8.76
2700,2018-08-26,바닷마을 다이어리,8.74
2701,2018-08-26,"부르고뉴, 와인에서 찾은 인생",8.7
2702,2018-08-26,앤트맨과 와스프,8.66
2703,2018-08-26,걸어도 걸어도,8.64
2704,2018-08-26,안경,8.6
2705,2018-08-26,몬스터 호텔 3,8.6
2706,2018-08-26,아비정전,8.51
2707,2018-08-26,시카리오: 데이 오브 솔다도,8.48
2708,2018-08-26,이별의 아침에 약속의 꽃을 장식하자,8.48
2709,2018-08-26,나를 차버린 스파이,8.39
2710,2018-08-26,500일의 썸머,8.39
2711,2018-08-26,카모메 식당,8.37
2712,2018-08-26,신은 죽지 않았다 3: 어둠 속의 빛,8.36
2713,2018-08-26,노인을 위한 나라는 없다,8.21
2714,2018-08-26,고양이를 빌려드립니다,8.08
2715,2018-08-26,파리로 가는 길,7.9
2716,2018-08-26,아이 엠 러브,7.89
2717,2018-08-26,한여름의 판타지아,7.83
2718,2018-08-26,세 번째 살인,7.78
2719,2018-08-26,신과함께-인과 연,7.73
2720,2018-08-26,콜 미 바이 유어 네임,7.55
2721,2018-08-26,킬링 디어,7.16
2722,2018-08-26,공작,6.86
2723,2018-08-26,메가로돈,6.73
2724,2018-08-26,목격자,5.66
2725,2018-08-26,인랑,3.87
2726,2018-08-27,당갈,9.52
2727,2018-08-27,허스토리,9.35
2728,2018-08-27,"지금, 만나러 갑니다",9.34
2729,2018-08-27,인크레더블 2,9.27
2730,2018-08-27,1987,9.25
2731,2018-08-27,극장판 헬로카봇 : 백악기 시대,9.24
2732,2018-08-27,명탐정 코난 : 제로의 집행인,9.23
2733,2018-08-27,어느 가족,9.22
2734,2018-08-27,러빙 빈센트,9.19
2735,2018-08-27,내 사랑,9.17
2736,2018-08-27,미션 임파서블: 폴아웃,9.14
2737,2018-08-27,맘마미아!2,9.07
2738,2018-08-27,어벤져스: 인피니티 워,8.95
2739,2018-08-27,너의 결혼식,8.94
2740,2018-08-27,그것만이 내 세상,8.92
2741,2018-08-27,바르다가 사랑한 얼굴들,8.91
2742,2018-08-27,소공녀,8.88
2743,2018-08-27,비포 선라이즈,8.88
2744,2018-08-27,극장판 도라에몽: 진구의 보물섬,8.78
2745,2018-08-27,신비아파트: 금빛 도깨비와 비밀의 동굴,8.76
2746,2018-08-27,바닷마을 다이어리,8.74
2747,2018-08-27,"부르고뉴, 와인에서 찾은 인생",8.71
2748,2018-08-27,앤트맨과 와스프,8.66
2749,2018-08-27,걸어도 걸어도,8.64
2750,2018-08-27,안경,8.6
2751,2018-08-27,몬스터 호텔 3,8.59
2752,2018-08-27,아비정전,8.51
2753,2018-08-27,이별의 아침에 약속의 꽃을 장식하자,8.49
2754,2018-08-27,시카리오: 데이 오브 솔다도,8.48
2755,2018-08-27,탐정: 리턴즈,8.44
2756,2018-08-27,나를 차버린 스파이,8.38
2757,2018-08-27,카모메 식당,8.38
2758,2018-08-27,신은 죽지 않았다 3: 어둠 속의 빛,8.37
2759,2018-08-27,노인을 위한 나라는 없다,8.2
2760,2018-08-27,고양이를 빌려드립니다,8.08
2761,2018-08-27,파리로 가는 길,7.9
2762,2018-08-27,아이 엠 러브,7.89
2763,2018-08-27,한여름의 판타지아,7.83
2764,2018-08-27,세 번째 살인,7.78
2765,2018-08-27,신과함께-인과 연,7.73
2766,2018-08-27,콜 미 바이 유어 네임,7.55
2767,2018-08-27,킬링 디어,7.16
2768,2018-08-27,공작,6.87
2769,2018-08-27,메가로돈,6.73
2770,2018-08-27,조선명탐정: 흡혈괴마의 비밀,6.65
2771,2018-08-27,곤지암,6.47
2772,2018-08-27,목격자,5.66
2773,2018-08-27,인랑,3.87
